代碼,圖示,英文,中文,屬性,職業,天生星,覺醒,收錄,強度,滿HP,滿ATK,滿DEF,SPD,暴率,暴傷,抵抗,命中,取得方式
30014,unit_icon_0146_1_4.png,51LV3R,,光,支援,5,覺醒,可召喚,B,11850,626,725,100,15,50,40,0,
30013,unit_icon_0146_1_3.png,570RM,,風,攻擊,5,覺醒,可召喚,B,10050,845,626,100,30,50,15,0,
30012,unit_icon_0146_1_2.png,7R1X,駭客,火,支援,5,覺醒,可召喚,A,11700,648,714,100,15,50,40,0,
25611,unit_icon_0078_1_1.png,Aaliyah,,水,支援,5,覺醒,可召喚,B,11205,615,780,99,15,50,40,0,
22211,unit_icon_0046_0_2.png,Abellio,阿貝里歐,水,防禦,5,覺醒,可召喚,A,10545,692,747,102,15,50,15,0,Legendary Scroll / Water Scroll / Mystical Scroll or Crystal Summon
22311,unit_icon_0052_0_0.png,Abellio,,水,防禦,5,未覺醒,非常駐,A,10545,692,747,102,15,50,15,0,
22911,unit_icon_0049_0_4.png,Abigail,,水,攻擊,4,覺醒,可召喚,B,9225,736,626,103,15,50,15,0,Legendary Scroll / Water Scroll / Mystical Scroll or Crystal Summon
11913,unit_icon_0009_2_4.png,Acasis,,風,支援,4,覺醒,可召喚,B,11370,571,648,104,15,50,15,0,Legendary Scroll / Wind Scroll / Mystical Scroll or Crystal Summon
32315,unit_icon_0177_1_5.png,Actaeon,,暗,防禦,5,覺醒,可召喚,B,10710,549,878,102,30,50,15,0,
20912,unit_icon_0041_1_1.png,Adrian,,火,支援,3,覺醒,可召喚,C,9060,659,549,101,15,50,15,0,Fire Scroll / Mystical Scroll or Crystal Summon / Unknown Scroll or Social Summon
26811,unit_icon_0099_1_1.png,Adriana,亞德里亞娜,水,支援,5,覺醒,可召喚,A,10710,736,692,111,15,50,15,0,
18811,unit_icon_0032_0_0.png,Aegir,,水,攻擊,4,覺醒,可召喚,B,10215,725,571,103,15,50,15,25,Guild Shop / Legendary Scroll / Water Scroll / Mystical Scroll or Crystal Summon
10113,unit_icon_0000_2_1.png,Aeilene,,風,支援,2,覺醒,可召喚,D,7905,604,516,104,15,50,15,0,Magic Shop / Secret Dungeon / Unknown Scroll or Social Summon
10133,unit_icon_0051_2_0.png,Aeilene,,風,支援,2,二次覺醒,可召喚,D,9885,725,648,104,15,50,15,0,Magic Shop / Secret Dungeon / Unknown Scroll or Social Summon
34212,unit_icon_0202_1_2.png,Agrenia,,火,支援,5,覺醒,可召喚,B,11370,681,703,103,15,50,40,0,
34112,unit_icon_0193_1_2.png,Agrius,,火,攻擊,4,覺醒,可召喚,B,9225,769,593,104,15,50,15,0,
13714,unit_icon_0014_3_0.png,Ahman,,光,體力,3,覺醒,可召喚,B,10710,549,549,101,15,50,15,0,Secret Dungeon / Scroll of Light and Darkness
28014,unit_icon_0115_1_4.png,Ahmed,,光,體力,4,覺醒,可召喚,B,11535,659,549,103,15,50,15,0,
19213,unit_icon_0032_2_2.png,Akhamamir,,風,攻擊,5,覺醒,可召喚,A,11370,812,571,100,30,50,15,0,Guild Shop
13312,unit_icon_0011_1_3.png,Akia,,火,攻擊,4,覺醒,可召喚,B,10380,758,527,106,15,50,15,0,Fusion / Legendary Scroll / Fire Scroll / Mystical Scroll or Crystal Summon
13814,unit_icon_0014_3_2.png,Akroma,阿卡洛瑪,光,防禦,5,覺醒,可召喚,B,10710,681,747,116,15,50,15,0,Scroll of Light and Darkness
30114,unit_icon_0145_1_4.png,Alesia,,光,攻擊,4,覺醒,可召喚,B,9885,769,549,104,15,50,15,0,
21515,unit_icon_0043_4_4.png,Alexandra,,暗,體力,5,覺醒,可召喚,B,12510,703,604,100,15,50,15,0,Scroll of Light and Darkness
21615,unit_icon_0044_4_0.png,Alexandra,,暗,體力,5,未覺醒,非常駐,B,12510,703,604,100,15,50,15,0,
26912,unit_icon_0097_1_2.png,Alice,,火,防禦,5,覺醒,可召喚,B,9555,604,900,101,15,50,40,0,
18911,unit_icon_0033_0_3.png,Alicia,,水,攻擊,5,覺醒,可召喚,B,9885,790,692,96,30,50,15,0,Legendary Scroll / Water Scroll / Mystical Scroll or Crystal Summon
15211,unit_icon_0021_0_0.png,Allen,,水,體力,2,覺醒,可召喚,D,10050,461,516,98,15,50,15,0,Magic Shop / Secret Dungeon / Unknown Scroll or Social Summon
15231,unit_icon_0082_3_1.png,Allen,,水,體力,2,二次覺醒,可召喚,D,11535,604,659,98,15,50,15,0,
27314,unit_icon_0111_1_4.png,Altaïr,,光,攻擊,5,覺醒,可召喚,B,9390,900,615,98,15,50,40,0,
15412,unit_icon_0020_1_3.png,Amanda,,火,攻擊,3,覺醒,可召喚,C,9060,790,417,105,15,50,15,0,Secret Dungeon / Fire Scroll / Mystical Scroll or Crystal Summon / Unknown Scroll or Social Summon
20414,unit_icon_0038_3_1.png,Amarna,,光,支援,4,覺醒,可召喚,B,9885,681,637,101,15,50,15,0,Scroll of Light and Darkness
14901,unit_icon_0017_0_4.png,Amazon,,水,攻擊,3,未覺醒,可召喚,C,9225,681,351,101,15,50,15,0,Water Scroll / Mystical Scroll or Crystal Summon / Unknown Scroll or Social Summon
14902,unit_icon_0017_1_4.png,Amazon,,火,攻擊,3,未覺醒,可召喚,C,8895,670,384,101,15,50,15,0,Fire Scroll / Mystical Scroll or Crystal Summon / Unknown Scroll or Social Summon
14903,unit_icon_0017_2_4.png,Amazon,,風,攻擊,3,未覺醒,可召喚,C,9060,637,406,101,15,50,15,0,Guild Shop / Wind Scroll / Mystical Scroll or Crystal Summon / Unknown Scroll or Social Summon
14904,unit_icon_0017_3_4.png,Amazon,,光,攻擊,3,未覺醒,可召喚,C,9555,626,384,101,15,50,15,0,Scroll of Light and Darkness
14905,unit_icon_0017_4_4.png,Amazon,,暗,攻擊,3,未覺醒,可召喚,C,7410,736,417,101,15,50,15,0,Scroll of Light and Darkness
26111,unit_icon_0087_1_1.png,Amber,安柏,水,攻擊,5,覺醒,可召喚,A,10545,812,626,104,15,50,15,25,
20615,unit_icon_0039_4_0.png,Amduat,,暗,支援,4,覺醒,可召喚,B,10380,648,637,102,15,50,15,0,Scroll of Light and Darkness
21511,unit_icon_0043_0_4.png,Amelia,,水,體力,5,覺醒,可召喚,B,12345,637,681,100,15,50,15,0,Legendary Scroll / Water Scroll / Mystical Scroll or Crystal Summon
21611,unit_icon_0044_0_0.png,Amelia,,水,體力,5,未覺醒,非常駐,B,12345,637,681,100,15,50,15,0,
16111,unit_icon_0022_0_4.png,Anavel,阿納貝爾,水,支援,5,覺醒,可召喚,S,10710,769,659,105,15,50,40,0,Legendary Scroll / Water Scroll / Mystical Scroll or Crystal Summon
29611,unit_icon_0150_1_1.png,Anders,,水,攻擊,5,覺醒,可召喚,B,9885,856,626,100,30,50,15,0,
11713,unit_icon_0006_2_3.png,Anduril,,風,攻擊,3,覺醒,可召喚,C,7080,823,516,98,15,50,15,0,Secret Dungeon / Wind Scroll / Mystical Scroll or Crystal Summon / Unknown Scroll or Social Summon
11733,unit_icon_0212_3_3.png,Anduril,,風,攻擊,3,二次覺醒,可召喚,B,8565,878,582,98,15,50,15,0,
26813,unit_icon_0099_1_3.png,Angela,安潔拉,風,支援,5,覺醒,可召喚,A,11205,670,725,96,15,50,40,0,
14201,unit_icon_0016_0_4.png,Angelmon,,水,素材,1,未覺醒,可召喚,D,165,11,11,0,0,0,0,0,Angel Garden / Hall of Water / Glory Shop
14202,unit_icon_0016_1_4.png,Angelmon,,火,素材,1,未覺醒,可召喚,D,165,11,11,0,0,0,0,0,Angel Garden / Hall of Fire / Glory Shop
14203,unit_icon_0016_2_4.png,Angelmon,,風,素材,1,未覺醒,可召喚,D,165,11,11,0,0,0,0,0,Angel Garden / Hall of Wind / Glory Shop
14204,unit_icon_0016_3_4.png,Angelmon,,光,素材,1,未覺醒,可召喚,D,165,11,11,0,0,0,0,0,Angel Garden / Hall of Light / Glory Shop
14205,unit_icon_0016_4_4.png,Angelmon,,暗,素材,1,未覺醒,可召喚,D,165,11,11,0,0,0,0,0,Angel Garden / Hall of Dark / Glory Shop
19312,unit_icon_0032_1_4.png,Anne,,火,攻擊,3,覺醒,可召喚,C,8895,703,516,102,15,50,15,25,Guild Shop
16312,unit_icon_0024_1_1.png,Antares,,火,攻擊,4,覺醒,可召喚,B,9720,790,538,96,15,50,15,0,Legendary Scroll / Fire Scroll / Mystical Scroll or Crystal Summon
20401,unit_icon_0038_0_0.png,Anubis,,水,攻擊,4,未覺醒,可召喚,C,9060,637,571,100,15,50,15,0,Legendary Scroll / Water Scroll / Mystical Scroll or Crystal Summon
20402,unit_icon_0038_1_0.png,Anubis,,火,支援,4,未覺醒,可召喚,C,9555,571,604,100,15,50,15,0,Legendary Scroll / Fire Scroll / Mystical Scroll or Crystal Summon
20403,unit_icon_0038_2_0.png,Anubis,,風,攻擊,4,未覺醒,可召喚,C,8565,648,593,100,15,50,15,0,Legendary Scroll / Wind Scroll / Mystical Scroll or Crystal Summon
20404,unit_icon_0038_3_0.png,Anubis,,光,支援,4,未覺醒,可召喚,C,9225,615,582,100,15,50,15,0,Scroll of Light and Darkness
20405,unit_icon_0038_4_0.png,Anubis,,暗,體力,5,未覺醒,可召喚,B,11370,637,582,100,15,50,15,0,Scroll of Light and Darkness
19511,unit_icon_0034_0_2.png,Aqcus,,水,攻擊,3,覺醒,可召喚,C,9060,714,494,105,15,50,15,0,Water Scroll / Mystical Scroll or Crystal Summon / Unknown Scroll or Social Summon
18013,unit_icon_0028_2_4.png,Aquila,,風,攻擊,4,覺醒,可召喚,B,9555,747,593,106,15,50,15,0,Legendary Scroll / Wind Scroll / Mystical Scroll or Crystal Summon
34603,unit_icon_0206_1_3.png,Aragorn,,風,體力,4,未覺醒,非常駐,C,10215,582,549,101,15,50,15,0,
34613,unit_icon_0206_1_3.png,Aragorn,,風,體力,4,覺醒,可召喚,B,11370,637,582,102,15,50,15,0,
34604,unit_icon_0206_1_4.png,Aragorn,,光,體力,4,未覺醒,非常駐,C,10710,549,549,101,15,50,15,0,
34614,unit_icon_0206_1_4.png,Aragorn,,光,體力,4,覺醒,可召喚,B,11535,604,604,102,15,50,15,0,
34601,unit_icon_0206_1_1.png,Aragorn,,水,體力,5,未覺醒,非常駐,B,11535,604,604,101,15,50,15,0,
34611,unit_icon_0206_1_1.png,Aragorn,,水,體力,5,覺醒,可召喚,B,12840,648,637,102,15,50,15,25,
34602,unit_icon_0206_1_2.png,Aragorn,,火,體力,5,未覺醒,非常駐,B,11535,593,615,101,15,50,15,0,
34612,unit_icon_0206_1_2.png,Aragorn,,火,體力,5,覺醒,可召喚,B,12675,626,670,102,30,50,15,0,
34605,unit_icon_0206_1_5.png,Aragorn,,暗,體力,5,未覺醒,非常駐,B,11700,582,615,101,15,50,15,0,
34615,unit_icon_0206_1_5.png,Aragorn,,暗,體力,5,覺醒,可召喚,A,13005,615,659,102,15,50,15,25,
11213,unit_icon_0004_2_3.png,Arang,,風,攻擊,4,覺醒,可召喚,B,9885,944,373,102,15,50,15,0,Fusion / Legendary Scroll / Wind Scroll / Mystical Scroll or Crystal Summon
29814,unit_icon_0152_1_4.png,Arcana,,光,支援,4,覺醒,可召喚,B,10380,670,615,103,15,50,15,0,
34001,unit_icon_0192_0_1.png,Arcane Weapon,,水,攻擊,5,未覺醒,可召喚,B,9885,747,571,98,15,50,15,0,
34002,unit_icon_0192_0_2.png,Arcane Weapon,,火,支援,5,未覺醒,可召喚,B,10050,692,615,98,15,50,15,0,
34003,unit_icon_0192_0_3.png,Arcane Weapon,,風,攻擊,5,未覺醒,可召喚,B,9390,769,582,98,15,50,15,0,
34004,unit_icon_0192_0_4.png,Arcane Weapon,,光,體力,5,未覺醒,可召喚,B,11040,648,593,98,15,50,15,0,
34005,unit_icon_0192_0_5.png,Arcane Weapon,,暗,攻擊,5,未覺醒,可召喚,B,9225,758,604,98,15,50,15,0,
17001,unit_icon_0019_0_1.png,Archangel,,水,支援,5,未覺醒,可召喚,A,9555,593,747,99,15,50,15,0,Legendary Scroll / Water Scroll / Mystical Scroll or Crystal Summon
17002,unit_icon_0019_1_1.png,Archangel,,火,支援,5,未覺醒,可召喚,A,9885,692,626,99,15,50,15,0,Legendary Scroll / Fire Scroll / Mystical Scroll or Crystal Summon
17003,unit_icon_0019_2_1.png,Archangel,,風,支援,5,未覺醒,可召喚,B,8565,725,681,99,15,50,15,0,Legendary Scroll / Wind Scroll / Mystical Scroll or Crystal Summon
17004,unit_icon_0019_3_1.png,Archangel,,光,支援,5,未覺醒,可召喚,B,10545,615,659,99,15,50,15,0,Scroll of Light and Darkness
17005,unit_icon_0019_4_1.png,Archangel,,暗,防禦,5,未覺醒,可召喚,A,10215,571,725,99,15,50,15,0,Scroll of Light and Darkness
15413,unit_icon_0020_2_3.png,Ardella,,風,攻擊,3,覺醒,可召喚,C,7575,845,461,105,15,50,15,0,Secret Dungeon / Wind Scroll / Mystical Scroll or Crystal Summon / Unknown Scroll or Social Summon
34214,unit_icon_0202_1_4.png,Arella,,光,支援,5,覺醒,可召喚,B,11040,714,692,103,15,50,15,25,
14713,unit_icon_0016_2_2.png,Argen,,風,攻擊,4,覺醒,可召喚,B,9555,790,549,99,15,50,15,0,Fusion / Legendary Scroll / Wind Scroll / Mystical Scroll or Crystal Summon
13314,unit_icon_0011_3_3.png,Aria,,光,攻擊,4,覺醒,可召喚,B,9390,747,604,106,15,50,15,0,Scroll of Light and Darkness
26814,unit_icon_0099_1_4.png,Ariana,,光,支援,5,覺醒,可召喚,B,11040,659,747,96,15,50,15,0,
17011,unit_icon_0019_0_2.png,Ariel,,水,支援,5,覺醒,可召喚,A,11850,604,747,100,15,50,40,0,Legendary Scroll / Water Scroll / Mystical Scroll or Crystal Summon
10414,unit_icon_0001_3_2.png,Arkajan,,光,防禦,2,覺醒,可召喚,D,8565,417,659,101,15,50,15,0,Secret Dungeon
16212,unit_icon_0024_1_3.png,Arnold,,火,體力,4,覺醒,可召喚,B,11700,604,593,101,15,50,15,25,Guild Shop / Legendary Scroll / Fire Scroll / Mystical Scroll or Crystal Summon
23701,unit_icon_0056_0_1.png,Art Master,,水,支援,5,未覺醒,可召喚,S,10215,670,626,101,15,50,15,0,Legendary Scroll / Water Scroll / Mystical Scroll or Crystal Summon
23702,unit_icon_0056_0_2.png,Art Master,,火,支援,5,未覺醒,可召喚,A,10050,681,626,101,15,50,15,0,Legendary Scroll / Fire Scroll / Mystical Scroll or Crystal Summon
23703,unit_icon_0056_0_3.png,Art Master,,風,攻擊,5,未覺醒,可召喚,B,9885,790,527,101,15,50,15,0,Legendary Scroll / Wind Scroll / Mystical Scroll or Crystal Summon
23704,unit_icon_0056_0_4.png,Art Master,,光,攻擊,5,未覺醒,可召喚,B,9390,801,549,101,15,50,15,0,Scroll of Light and Darkness
23705,unit_icon_0056_0_5.png,Art Master,,暗,支援,5,未覺醒,可召喚,B,10380,714,571,101,15,50,15,0,Scroll of Light and Darkness
17014,unit_icon_0019_3_2.png,Artamiel,,光,支援,5,覺醒,可召喚,B,11535,604,769,100,15,50,40,0,Scroll of Light and Darkness
34115,unit_icon_0193_1_5.png,Asbolus,,暗,攻擊,4,覺醒,可召喚,B,9390,790,560,104,15,50,15,0,
11815,unit_icon_0007_4_0.png,Aschubel,,暗,攻擊,4,覺醒,可召喚,B,11205,736,494,105,15,50,15,0,Scroll of Light and Darkness
28012,unit_icon_0115_1_2.png,Ashour,,火,體力,5,覺醒,可召喚,B,12180,725,604,103,30,50,15,0,
17914,unit_icon_0023_3_1.png,Asima,,光,攻擊,5,覺醒,可召喚,B,10710,812,615,104,15,50,15,25,Scroll of Light and Darkness
19901,unit_icon_0036_0_1.png,Assassin,,水,攻擊,4,未覺醒,可召喚,C,10050,648,494,101,15,50,15,0,Legendary Scroll / Water Scroll / Mystical Scroll or Crystal Summon
19902,unit_icon_0036_1_1.png,Assassin,,火,攻擊,4,未覺醒,可召喚,C,8400,703,549,101,15,50,15,0,Legendary Scroll / Fire Scroll / Mystical Scroll or Crystal Summon
19903,unit_icon_0036_2_1.png,Assassin,,風,攻擊,4,未覺醒,可召喚,C,8730,670,560,101,15,50,15,0,Legendary Scroll / Wind Scroll / Mystical Scroll or Crystal Summon
19904,unit_icon_0036_3_1.png,Assassin,,光,攻擊,4,未覺醒,可召喚,C,8565,747,494,101,15,50,15,0,Scroll of Light and Darkness
19905,unit_icon_0036_4_1.png,Assassin,,暗,攻擊,4,未覺醒,可召喚,C,9060,736,472,101,15,50,15,0,Scroll of Light and Darkness
19812,unit_icon_0036_1_4.png,Astar,,火,攻擊,4,覺醒,可召喚,B,8895,834,549,110,15,50,15,0,Legendary Scroll / Fire Scroll / Mystical Scroll or Crystal Summon
28213,unit_icon_0117_1_3.png,Astrid,,風,支援,4,覺醒,可召喚,B,10050,648,659,103,15,50,15,0,
28501,unit_icon_0119_0_1.png,Asura,,水,攻擊,4,未覺醒,可召喚,C,9555,670,505,100,15,50,15,0,
28502,unit_icon_0119_0_2.png,Asura,,火,攻擊,4,未覺醒,可召喚,C,8235,747,516,100,15,50,15,0,
28503,unit_icon_0119_0_3.png,Asura,,風,攻擊,4,未覺醒,可召喚,C,8895,758,461,100,15,50,15,0,
28504,unit_icon_0119_0_4.png,Asura,,光,攻擊,4,未覺醒,可召喚,C,9060,736,472,100,15,50,15,0,
28505,unit_icon_0119_0_5.png,Asura,,暗,體力,4,未覺醒,可召喚,C,9720,615,549,100,15,50,15,0,
11612,unit_icon_0006_1_1.png,Atenai,,火,支援,4,覺醒,可召喚,B,12510,527,615,99,15,50,15,0,Legendary Scroll / Fire Scroll / Mystical Scroll or Crystal Summon
26914,unit_icon_0097_1_4.png,Audrey,,光,防禦,5,覺醒,可召喚,B,9720,615,878,101,15,50,15,25,
28114,unit_icon_0116_1_4.png,Aurelia,,光,支援,4,覺醒,可召喚,B,9885,703,615,100,15,50,15,0,
20411,unit_icon_0038_0_1.png,Avaris,,水,攻擊,4,覺醒,可召喚,B,9555,736,604,101,15,50,15,0,Legendary Scroll / Water Scroll / Mystical Scroll or Crystal Summon
31202,unit_icon_0164_1_2.png,Aya,,火,體力,4,未覺醒,非常駐,B,11370,604,615,102,15,50,15,0,
31212,unit_icon_0164_1_2.png,Aya,,火,體力,4,覺醒,可召喚,B,11370,604,615,102,15,50,15,0,
31205,unit_icon_0164_1_5.png,Aya,,暗,攻擊,4,未覺醒,非常駐,B,9885,769,549,102,15,50,15,0,
31215,unit_icon_0164_1_5.png,Aya,,暗,攻擊,4,覺醒,可召喚,B,9885,769,549,102,15,50,15,0,
31201,unit_icon_0164_1_1.png,Aya,,水,攻擊,5,未覺醒,非常駐,B,10545,780,659,102,15,50,15,0,
31211,unit_icon_0164_1_1.png,Aya,,水,攻擊,5,覺醒,可召喚,B,10545,780,659,102,15,50,15,25,
31203,unit_icon_0164_1_3.png,Aya,,風,體力,5,未覺醒,非常駐,B,12015,670,670,102,15,50,15,0,
31213,unit_icon_0164_1_3.png,Aya,,風,體力,5,覺醒,可召喚,B,12015,670,670,102,15,50,15,25,
31204,unit_icon_0164_1_4.png,Aya,,光,體力,5,未覺醒,非常駐,B,12180,626,703,102,15,50,40,0,
31214,unit_icon_0164_1_4.png,Aya,,光,體力,5,覺醒,可召喚,B,12180,626,703,102,15,50,40,0,
32501,unit_icon_0179_1_1.png,Azure Dragon Swordsman,,水,攻擊,4,未覺醒,非常駐,C,9060,681,527,102,15,50,15,0,
32511,unit_icon_0179_1_1.png,Azure Dragon Swordsman,,水,攻擊,4,覺醒,可召喚,B,9720,758,571,103,15,50,15,0,
32505,unit_icon_0179_1_5.png,Azure Dragon Swordsman,,暗,攻擊,4,未覺醒,非常駐,C,9225,670,527,102,15,50,15,0,
32515,unit_icon_0179_1_5.png,Azure Dragon Swordsman,,暗,攻擊,4,覺醒,可召喚,B,10050,747,560,103,15,50,15,0,
32502,unit_icon_0179_1_2.png,Azure Dragon Swordsman,,火,攻擊,5,未覺醒,非常駐,B,9720,780,549,102,15,50,15,0,
32512,unit_icon_0179_1_2.png,Azure Dragon Swordsman,,火,攻擊,5,覺醒,可召喚,B,10545,856,582,103,30,50,15,0,
32503,unit_icon_0179_1_3.png,Azure Dragon Swordsman,,風,攻擊,5,未覺醒,非常駐,B,9555,790,549,102,15,50,15,0,
32513,unit_icon_0179_1_3.png,Azure Dragon Swordsman,,風,攻擊,5,覺醒,可召喚,B,10380,878,571,103,30,50,15,0,
32504,unit_icon_0179_1_4.png,Azure Dragon Swordsman,,光,攻擊,5,未覺醒,非常駐,B,9390,790,560,102,15,50,15,0,
32514,unit_icon_0179_1_4.png,Azure Dragon Swordsman,,光,攻擊,5,覺醒,可召喚,B,10215,867,593,103,30,50,15,0,
18514,unit_icon_0030_3_4.png,Baekdu,,光,攻擊,3,覺醒,可召喚,C,9060,670,538,100,15,50,15,0,Scroll of Light and Darkness
23112,unit_icon_0052_1_4.png,Bael,,火,攻擊,5,覺醒,可召喚,B,10215,856,604,104,30,50,15,0,Legendary Scroll / Fire Scroll / Mystical Scroll or Crystal Summon
22411,unit_icon_0047_0_0.png,Bagir,,水,防禦,3,覺醒,可召喚,C,8895,483,736,114,15,50,15,0,Water Scroll / Mystical Scroll or Crystal Summon / Unknown Scroll or Social Summon
22014,unit_icon_0045_3_3.png,Bailey,,光,攻擊,4,覺醒,可召喚,B,9060,758,615,101,15,50,15,0,Scroll of Light and Darkness
22612,unit_icon_0047_1_2.png,Baleygr,,火,攻擊,5,覺醒,可召喚,B,10215,790,670,102,30,50,15,0,Fusion
23511,unit_icon_0054_0_0.png,Barbara,,水,攻擊,5,覺醒,可召喚,B,9720,845,648,108,15,50,15,25,Legendary Scroll / Water Scroll / Mystical Scroll or Crystal Summon
23611,unit_icon_0054_0_1.png,Barbara,,水,攻擊,5,覺醒,非常駐,B,9720,845,648,108,15,50,15,25,
18801,unit_icon_0031_0_4.png,Barbaric King,,水,攻擊,4,未覺醒,可召喚,C,9390,637,549,102,15,50,15,0,Guild Shop / Legendary Scroll / Water Scroll / Mystical Scroll or Crystal Summon
18802,unit_icon_0031_1_4.png,Barbaric King,,火,攻擊,4,未覺醒,可召喚,C,9225,714,483,102,15,50,15,0,Guild Shop / Legendary Scroll / Fire Scroll / Mystical Scroll or Crystal Summon
18803,unit_icon_0031_2_4.png,Barbaric King,,風,攻擊,4,未覺醒,可召喚,B,9390,604,582,102,15,50,15,0,Guild Shop / Legendary Scroll / Wind Scroll / Mystical Scroll or Crystal Summon
18804,unit_icon_0031_3_4.png,Barbaric King,,光,攻擊,4,未覺醒,可召喚,C,9225,637,560,102,15,50,15,0,Scroll of Light and Darkness
18805,unit_icon_0031_4_4.png,Barbaric King,,暗,攻擊,4,未覺醒,可召喚,C,9390,725,461,102,15,50,15,0,Scroll of Light and Darkness
11812,unit_icon_0007_1_0.png,Baretta,,火,攻擊,4,覺醒,可召喚,S,11205,681,549,105,15,50,15,0,Fusion / Legendary Scroll / Fire Scroll / Mystical Scroll or Crystal Summon
19413,unit_icon_0034_2_0.png,Barque,,風,攻擊,4,覺醒,可召喚,B,9885,769,549,108,15,50,15,0,Legendary Scroll / Wind Scroll / Mystical Scroll or Crystal Summon
19015,unit_icon_0033_4_1.png,Basalt,,暗,防禦,3,覺醒,可召喚,C,9885,439,714,99,15,50,15,0,Scroll of Light and Darkness
20511,unit_icon_0039_0_2.png,Bastet,,水,支援,5,覺醒,可召喚,B,11850,637,714,101,15,50,40,0,Legendary Scroll / Water Scroll / Mystical Scroll or Crystal Summon
26101,unit_icon_0087_0_1.png,Battle Angel,,水,攻擊,5,未覺醒,可召喚,A,10050,714,593,103,15,50,15,0,
26102,unit_icon_0087_0_2.png,Battle Angel,,火,攻擊,5,未覺醒,可召喚,B,9390,834,516,103,15,50,15,0,
26103,unit_icon_0087_0_3.png,Battle Angel,,風,攻擊,5,未覺醒,可召喚,S,9555,790,549,103,15,50,15,0,
26104,unit_icon_0087_0_4.png,Battle Angel,,光,攻擊,5,未覺醒,可召喚,A,9720,747,582,103,15,50,15,0,
26105,unit_icon_0087_0_5.png,Battle Angel,,暗,攻擊,5,未覺醒,可召喚,B,9555,801,538,103,15,50,15,0,
19001,unit_icon_0033_0_0.png,Battle Mammoth,,水,體力,3,未覺醒,可召喚,C,9060,494,549,98,15,50,15,0,Water Scroll / Mystical Scroll or Crystal Summon / Unknown Scroll or Social Summon
19002,unit_icon_0033_1_0.png,Battle Mammoth,,火,體力,3,未覺醒,可召喚,C,9885,450,538,98,15,50,15,0,Fire Scroll / Mystical Scroll or Crystal Summon / Unknown Scroll or Social Summon
19003,unit_icon_0033_2_0.png,Battle Mammoth,,風,防禦,3,未覺醒,可召喚,C,8235,461,637,98,15,50,15,0,Wind Scroll / Mystical Scroll or Crystal Summon / Unknown Scroll or Social Summon
19004,unit_icon_0033_3_0.png,Battle Mammoth,,光,體力,3,未覺醒,可召喚,C,9390,494,527,98,15,50,15,0,Scroll of Light and Darkness
19005,unit_icon_0033_4_0.png,Battle Mammoth,,暗,防禦,3,未覺醒,可召喚,C,9060,439,604,98,15,50,15,0,Scroll of Light and Darkness
17601,unit_icon_0028_0_0.png,Battle Scorpion,,水,防禦,2,未覺醒,可召喚,D,6585,439,604,103,15,50,15,0,Chiruka Remains / Unknown Scroll or Social Summon
17602,unit_icon_0028_1_0.png,Battle Scorpion,,火,防禦,2,未覺醒,可召喚,D,6255,428,637,103,15,50,15,0,Unknown Scroll or Social Summon
17603,unit_icon_0028_2_0.png,Battle Scorpion,,風,防禦,2,未覺醒,可召喚,D,6915,450,571,103,15,50,15,0,Unknown Scroll or Social Summon
27511,unit_icon_0110_1_1.png,Bayek,,水,支援,4,覺醒,可召喚,B,10050,714,593,103,15,50,15,0,
27514,unit_icon_0110_1_4.png,Bayek,,光,體力,4,覺醒,可召喚,B,11535,659,549,103,15,50,15,0,
27512,unit_icon_0110_1_2.png,Bayek,巴耶克,火,體力,5,覺醒,可召喚,B,12180,725,604,103,30,50,15,0,
27513,unit_icon_0110_1_3.png,Bayek,巴耶克,風,體力,5,覺醒,可召喚,B,12510,714,593,103,15,50,15,25,
27515,unit_icon_0110_1_5.png,Bayek,,暗,支援,5,覺醒,可召喚,B,10875,747,670,103,30,50,15,0,
13701,unit_icon_0013_0_4.png,Bearman,,水,體力,3,未覺醒,可召喚,C,10545,351,593,100,15,50,15,0,Secret Dungeon / Water Scroll / Mystical Scroll or Crystal Summon / Unknown Scroll or Social Summon
13702,unit_icon_0013_1_4.png,Bearman,,火,體力,3,未覺醒,可召喚,C,10215,362,604,100,15,50,15,0,Secret Dungeon / Fire Scroll / Mystical Scroll or Crystal Summon / Unknown Scroll or Social Summon
13703,unit_icon_0013_2_4.png,Bearman,,風,攻擊,3,未覺醒,可召喚,C,9555,516,494,100,15,50,15,0,Secret Dungeon / Wind Scroll / Mystical Scroll or Crystal Summon / Unknown Scroll or Social Summon
13704,unit_icon_0013_3_4.png,Bearman,,光,體力,3,未覺醒,可召喚,B,9720,494,505,100,15,50,15,0,Secret Dungeon / Scroll of Light and Darkness
13705,unit_icon_0013_4_4.png,Bearman,,暗,體力,3,未覺醒,可召喚,C,9225,461,571,100,15,50,15,0,Secret Dungeon / Scroll of Light and Darkness
18501,unit_icon_0030_0_3.png,Beast Hunter,,水,攻擊,3,未覺醒,可召喚,C,7905,582,538,99,15,50,15,0,Water Scroll / Mystical Scroll or Crystal Summon / Unknown Scroll or Social Summon
18502,unit_icon_0030_1_3.png,Beast Hunter,,火,攻擊,3,未覺醒,可召喚,C,8070,626,483,99,15,50,15,0,Secret Dungeon / Fire Scroll / Mystical Scroll or Crystal Summon / Unknown Scroll or Social Summon
18503,unit_icon_0030_2_3.png,Beast Hunter,,風,攻擊,3,未覺醒,可召喚,C,8235,604,494,99,15,50,15,0,Wind Scroll / Mystical Scroll or Crystal Summon / Unknown Scroll or Social Summon
18504,unit_icon_0030_3_3.png,Beast Hunter,,光,攻擊,3,未覺醒,可召喚,C,8730,560,505,99,15,50,15,0,Scroll of Light and Darkness
18505,unit_icon_0030_4_3.png,Beast Hunter,,暗,攻擊,3,未覺醒,可召喚,C,8565,615,461,99,15,50,15,0,Scroll of Light and Darkness
17401,unit_icon_0027_0_0.png,Beast Monk,,水,體力,5,未覺醒,可召喚,A,11850,604,582,100,15,50,15,0,Legendary Scroll / Water Scroll / Mystical Scroll or Crystal Summon
17402,unit_icon_0027_1_0.png,Beast Monk,,火,體力,5,未覺醒,可召喚,B,11535,571,637,100,15,50,15,0,Legendary Scroll / Fire Scroll / Mystical Scroll or Crystal Summon
17403,unit_icon_0027_2_0.png,Beast Monk,,風,體力,5,未覺醒,可召喚,B,11205,626,604,100,15,50,15,0,Legendary Scroll / Wind Scroll / Mystical Scroll or Crystal Summon
17404,unit_icon_0027_3_0.png,Beast Monk,,光,體力,5,未覺醒,可召喚,B,11370,571,648,100,15,50,15,0,Scroll of Light and Darkness
17405,unit_icon_0027_4_0.png,Beast Monk,,暗,體力,5,未覺醒,可召喚,B,11700,637,560,100,15,50,15,0,Scroll of Light and Darkness
23501,unit_icon_0053_0_4.png,Beast Rider,,水,攻擊,5,未覺醒,可召喚,B,9225,758,604,107,15,50,15,0,Legendary Scroll / Water Scroll / Mystical Scroll or Crystal Summon
23601,unit_icon_0053_0_3.png,Beast Rider,,水,攻擊,5,未覺醒,非常駐,B,9225,758,604,107,15,50,15,0,
23502,unit_icon_0053_1_4.png,Beast Rider,,火,攻擊,5,未覺醒,可召喚,B,10215,714,582,107,15,50,15,0,Legendary Scroll / Fire Scroll / Mystical Scroll or Crystal Summon
23602,unit_icon_0053_1_3.png,Beast Rider,,火,攻擊,5,未覺醒,非常駐,B,10215,714,582,107,15,50,15,0,
23503,unit_icon_0053_2_4.png,Beast Rider,,風,攻擊,5,未覺醒,可召喚,B,10215,703,593,107,15,50,15,0,Legendary Scroll / Wind Scroll / Mystical Scroll or Crystal Summon
23603,unit_icon_0053_2_3.png,Beast Rider,,風,攻擊,5,未覺醒,非常駐,B,10215,703,593,107,15,50,15,0,
23504,unit_icon_0053_3_4.png,Beast Rider,,光,攻擊,5,未覺醒,可召喚,B,9555,758,582,107,15,50,15,0,Scroll of Light and Darkness
23604,unit_icon_0053_3_3.png,Beast Rider,,光,攻擊,5,未覺醒,非常駐,B,9555,758,582,107,15,50,15,0,
23505,unit_icon_0053_4_4.png,Beast Rider,,暗,攻擊,5,未覺醒,可召喚,B,9555,780,560,107,15,50,15,0,Scroll of Light and Darkness
23605,unit_icon_0053_4_3.png,Beast Rider,,暗,攻擊,5,未覺醒,非常駐,B,9555,780,560,107,15,50,15,0,
23115,unit_icon_0052_4_4.png,Beelzebub,別西卜,暗,攻擊,5,覺醒,可召喚,S,10050,878,593,104,30,50,15,0,Scroll of Light and Darkness
32301,unit_icon_0177_0_1.png,Beetle Guardian,,水,防禦,5,未覺醒,可召喚,B,10380,516,769,101,15,50,15,0,
32302,unit_icon_0177_0_2.png,Beetle Guardian,,火,防禦,5,未覺醒,可召喚,B,10545,527,747,101,15,50,15,0,
32303,unit_icon_0177_0_3.png,Beetle Guardian,,風,防禦,5,未覺醒,可召喚,B,10710,538,725,101,15,50,15,0,
32304,unit_icon_0177_0_4.png,Beetle Guardian,,光,防禦,5,未覺醒,可召喚,B,10050,527,780,101,15,50,15,0,
32305,unit_icon_0177_0_5.png,Beetle Guardian,,暗,防禦,5,未覺醒,可召喚,B,10050,516,790,101,15,50,15,0,
23111,unit_icon_0052_0_4.png,Belial,,水,攻擊,5,覺醒,可召喚,B,10545,823,615,104,30,50,15,0,Legendary Scroll / Water Scroll / Mystical Scroll or Crystal Summon
21915,unit_icon_0045_4_1.png,Belita,,暗,攻擊,4,覺醒,可召喚,B,8895,790,593,103,15,50,15,0,Scroll of Light and Darkness
22915,unit_icon_0049_4_4.png,Bella,,暗,攻擊,5,覺醒,可召喚,A,9720,812,681,103,15,50,15,0,Scroll of Light and Darkness
11014,unit_icon_0003_3_4.png,Belladeon,,光,防禦,3,覺醒,可召喚,S,9885,472,681,108,15,50,15,0,Secret Dungeon / Scroll of Light and Darkness
11034,unit_icon_0051_3_3.png,Belladeon,,光,防禦,3,二次覺醒,可召喚,S,10710,571,747,108,15,50,15,0,Secret Dungeon / Scroll of Light and Darkness
22212,unit_icon_0046_1_2.png,Bellenus,,火,防禦,5,覺醒,可召喚,B,10215,703,758,102,15,50,15,0,Legendary Scroll / Fire Scroll / Mystical Scroll or Crystal Summon
22312,unit_icon_0052_1_0.png,Bellenus,,火,防禦,5,未覺醒,非常駐,B,10215,703,758,102,15,50,15,0,
25714,unit_icon_0080_1_4.png,Benedict,,光,攻擊,5,覺醒,可召喚,B,10050,845,626,102,30,50,15,0,
24912,unit_icon_0065_1_2.png,Berenice,,火,支援,4,覺醒,可召喚,B,10875,703,549,105,15,50,15,25,Legendary Scroll / Fire Scroll / Mystical Scroll or Crystal Summon
28214,unit_icon_0117_1_4.png,Berghild,,光,攻擊,5,覺醒,可召喚,B,10050,867,604,118,15,50,15,0,
18115,unit_icon_0029_4_1.png,Bering,,暗,攻擊,4,覺醒,可召喚,B,9225,790,571,101,15,50,15,0,Scroll of Light and Darkness
24612,unit_icon_0067_1_2.png,Bernadotte,,火,攻擊,5,覺醒,可召喚,B,10050,834,637,103,15,50,15,25,
11513,unit_icon_0005_2_4.png,Bernard,,風,支援,3,覺醒,可召喚,S,10380,417,703,111,15,50,15,0,Tamor Desert / Wind Scroll / Mystical Scroll or Crystal Summon / Unknown Scroll or Social Summon
11533,unit_icon_0055_0_2.png,Bernard,,風,支援,3,二次覺醒,可召喚,S,11370,549,725,111,15,50,15,0,Tamor Desert / Wind Scroll / Mystical Scroll or Crystal Summon / Unknown Scroll or Social Summon
17911,unit_icon_0023_0_1.png,Beth,,水,攻擊,5,覺醒,可召喚,B,10215,834,626,104,15,50,15,0,Legendary Scroll / Water Scroll / Mystical Scroll or Crystal Summon
15415,unit_icon_0020_4_3.png,Bethony,,暗,攻擊,4,覺醒,可召喚,B,9060,922,450,120,15,50,15,0,Scroll of Light and Darkness
19615,unit_icon_0035_4_0.png,Betta,,暗,支援,4,覺醒,可召喚,B,11205,516,714,110,15,50,15,0,Scroll of Light and Darkness
29714,unit_icon_0151_1_4.png,Birgitta,,光,攻擊,5,覺醒,可召喚,B,10380,845,604,106,30,50,15,0,
26011,unit_icon_0085_1_1.png,Birman,,水,體力,4,覺醒,可召喚,B,12180,615,549,115,15,50,15,0,
27001,unit_icon_0100_0_1.png,Black Tea Bunny,,水,攻擊,4,未覺醒,可召喚,C,9225,703,494,100,15,50,15,0,
27002,unit_icon_0100_0_2.png,Black Tea Bunny,,火,攻擊,4,未覺醒,可召喚,C,8730,736,494,100,15,50,15,0,
27003,unit_icon_0100_0_3.png,Black Tea Bunny,,風,攻擊,4,未覺醒,可召喚,C,8565,714,527,100,15,50,15,0,
27004,unit_icon_0100_0_4.png,Black Tea Bunny,,光,攻擊,4,未覺醒,可召喚,C,9060,714,494,100,15,50,15,0,
27005,unit_icon_0100_0_5.png,Black Tea Bunny,,暗,攻擊,4,未覺醒,可召喚,C,8565,725,516,100,15,50,15,0,
32403,unit_icon_0183_1_3.png,Black Tortoise Champion,,風,防禦,5,未覺醒,非常駐,B,9555,593,747,98,15,50,15,0,
32413,unit_icon_0183_1_3.png,Black Tortoise Champion,,風,防禦,5,覺醒,可召喚,B,10380,626,823,99,15,50,15,25,
24901,unit_icon_0065_0_1.png,Blade Dancer,,水,攻擊,4,未覺醒,可召喚,C,9225,703,494,104,15,50,15,0,Legendary Scroll / Water Scroll / Mystical Scroll or Crystal Summon
24902,unit_icon_0065_0_2.png,Blade Dancer,,火,支援,4,未覺醒,可召喚,C,10215,615,516,104,15,50,15,0,Legendary Scroll / Fire Scroll / Mystical Scroll or Crystal Summon
24903,unit_icon_0065_0_3.png,Blade Dancer,,風,攻擊,4,未覺醒,可召喚,C,9225,659,538,104,15,50,15,0,Legendary Scroll / Wind Scroll / Mystical Scroll or Crystal Summon
24904,unit_icon_0065_0_4.png,Blade Dancer,,光,攻擊,4,未覺醒,可召喚,C,9555,670,505,104,15,50,15,0,Scroll of Light and Darkness
24905,unit_icon_0065_0_5.png,Blade Dancer,,暗,支援,4,未覺醒,可召喚,C,9390,615,571,104,15,50,15,0,Scroll of Light and Darkness
28612,unit_icon_0127_1_2.png,Bloodya,布拉迪雅,火,攻擊,5,覺醒,可召喚,B,10050,845,626,101,30,50,15,0,
14211,unit_icon_0019_0_0.png,Blue Angelmon,,水,素材,1,覺醒,可召喚,D,165,11,11,0,0,0,0,0,Angel Garden / Hall of Water / Glory Shop
18211,unit_icon_0030_0_2.png,Blue King Angelmon,,水,素材,1,覺醒,可召喚,D,165,11,11,0,0,0,0,0,In-App Purchase / World Boss
22611,unit_icon_0047_0_2.png,Bolverk,布爾維克,水,體力,5,覺醒,可召喚,A,12180,725,604,102,15,50,15,25,Legendary Scroll / Water Scroll / Mystical Scroll or Crystal Summon
26015,unit_icon_0085_1_5.png,Bombay,,暗,體力,4,覺醒,可召喚,B,11850,670,516,100,30,50,15,0,
22001,unit_icon_0045_0_2.png,Boomerang Warrior,,水,攻擊,4,未覺醒,可召喚,S,8400,703,549,100,15,50,15,0,Legendary Scroll / Water Scroll / Mystical Scroll or Crystal Summon
22002,unit_icon_0045_1_2.png,Boomerang Warrior,,火,攻擊,4,未覺醒,可召喚,C,8730,670,560,100,15,50,15,0,Legendary Scroll / Fire Scroll / Mystical Scroll or Crystal Summon
22003,unit_icon_0045_2_2.png,Boomerang Warrior,,風,攻擊,4,未覺醒,可召喚,C,8565,681,560,100,15,50,15,0,Legendary Scroll / Wind Scroll / Mystical Scroll or Crystal Summon
22004,unit_icon_0045_3_2.png,Boomerang Warrior,,光,攻擊,4,未覺醒,可召喚,C,8400,659,593,100,15,50,15,0,Scroll of Light and Darkness
22005,unit_icon_0045_4_2.png,Boomerang Warrior,,暗,攻擊,4,未覺醒,可召喚,C,8235,703,560,100,15,50,15,0,Scroll of Light and Darkness
24711,unit_icon_0068_1_1.png,Borgnine,,水,體力,5,覺醒,可召喚,B,12180,714,615,101,15,50,40,0,Legendary Scroll / Water Scroll / Mystical Scroll or Crystal Summon
15601,unit_icon_0021_0_1.png,Bounty Hunter,,水,攻擊,3,未覺醒,可召喚,C,7575,582,560,94,15,50,15,0,Water Scroll / Mystical Scroll or Crystal Summon / Unknown Scroll or Social Summon
15602,unit_icon_0021_1_1.png,Bounty Hunter,,火,攻擊,3,未覺醒,可召喚,C,7905,571,549,94,15,50,15,0,Fire Scroll / Mystical Scroll or Crystal Summon / Unknown Scroll or Social Summon
15603,unit_icon_0021_2_1.png,Bounty Hunter,,風,攻擊,3,未覺醒,可召喚,C,7245,593,571,94,15,50,15,0,Wind Scroll / Mystical Scroll or Crystal Summon / Unknown Scroll or Social Summon
15604,unit_icon_0021_3_1.png,Bounty Hunter,,光,攻擊,3,未覺醒,可召喚,C,8070,560,549,94,15,50,15,0,Scroll of Light and Darkness
15605,unit_icon_0021_4_1.png,Bounty Hunter,,暗,攻擊,3,未覺醒,可召喚,C,7905,593,527,94,15,50,15,0,Scroll of Light and Darkness
18912,unit_icon_0033_1_3.png,Brandia,,火,攻擊,5,覺醒,可召喚,B,10545,823,615,111,15,50,15,0,Legendary Scroll / Fire Scroll / Mystical Scroll or Crystal Summon
10812,unit_icon_0003_1_0.png,Bremis,,火,攻擊,2,覺醒,可召喚,D,7740,637,494,107,15,50,15,0,Vrofagus Ruins / Magic Shop / Unknown Scroll or Social Summon
16213,unit_icon_0024_2_3.png,Briand,,風,體力,4,覺醒,可召喚,B,12840,527,593,116,15,50,15,0,Guild Shop / Legendary Scroll / Wind Scroll / Mystical Scroll or Crystal Summon
19414,unit_icon_0034_3_0.png,Brig,,光,攻擊,4,覺醒,可召喚,B,9390,790,560,108,15,50,15,0,Scroll of Light and Darkness
28211,unit_icon_0117_1_1.png,Brita,,水,支援,5,覺醒,可召喚,B,10050,736,736,103,15,50,15,25,
18001,unit_icon_0028_0_3.png,Brownie Magician,,水,支援,4,未覺醒,可召喚,C,9225,582,615,105,15,50,15,0,Legendary Scroll / Water Scroll / Mystical Scroll or Crystal Summon
18002,unit_icon_0028_1_3.png,Brownie Magician,,火,支援,4,未覺醒,可召喚,C,9390,582,604,105,15,50,15,0,Legendary Scroll / Fire Scroll / Mystical Scroll or Crystal Summon
18003,unit_icon_0028_2_3.png,Brownie Magician,,風,攻擊,4,未覺醒,可召喚,C,9060,593,615,105,15,50,15,0,Legendary Scroll / Wind Scroll / Mystical Scroll or Crystal Summon
18004,unit_icon_0028_3_3.png,Brownie Magician,,光,攻擊,4,未覺醒,可召喚,C,8730,615,615,105,15,50,15,0,Scroll of Light and Darkness
18005,unit_icon_0028_4_3.png,Brownie Magician,,暗,支援,4,未覺醒,可召喚,C,8895,593,626,105,15,50,15,0,Scroll of Light and Darkness
20812,unit_icon_0039_1_4.png,Bulldozer,,火,體力,3,覺醒,可召喚,C,10050,527,615,98,30,50,15,0,Fire Scroll / Mystical Scroll or Crystal Summon / Unknown Scroll or Social Summon
20832,unit_icon_0126_3_2.png,Bulldozer,,火,體力,3,二次覺醒,可召喚,B,11205,593,692,98,30,50,15,0,
17712,unit_icon_0027_1_4.png,Burentau,,火,體力,3,覺醒,可召喚,C,9720,615,549,99,15,50,15,0,Fire Scroll / Mystical Scroll or Crystal Summon / Unknown Scroll or Social Summon
28913,unit_icon_0133_1_3.png,Byungchul,,風,體力,5,覺醒,可召喚,B,12840,714,571,96,15,50,40,0,
14715,unit_icon_0016_4_2.png,Cadiz,加德斯,暗,攻擊,5,覺醒,可召喚,B,11205,856,538,99,15,50,15,0,Scroll of Light and Darkness
10912,unit_icon_0003_1_2.png,Cahule,,火,支援,2,覺醒,可召喚,D,5595,659,615,93,15,50,15,0,Secret Dungeon / Unknown Scroll or Social Summon
19515,unit_icon_0034_4_2.png,Calicus,,暗,攻擊,3,覺醒,可召喚,C,9720,670,494,105,15,50,15,0,Scroll of Light and Darkness
10315,unit_icon_0001_4_0.png,Camaryn,,暗,攻擊,2,覺醒,可召喚,D,7410,703,450,111,15,50,15,0,Secret Dungeon
10335,unit_icon_0051_4_1.png,Camaryn,,暗,攻擊,2,二次覺醒,可召喚,D,9390,801,604,111,15,50,15,0,Secret Dungeon
13811,unit_icon_0014_0_2.png,Camilla,卡蜜拉,水,體力,5,覺醒,可召喚,B,12015,714,626,101,30,50,15,0,Legendary Scroll / Water Scroll / Mystical Scroll or Crystal Summon
10815,unit_icon_0003_4_0.png,Camules,,暗,攻擊,3,覺醒,可召喚,B,8565,747,494,122,15,50,15,0,Scroll of Light and Darkness
22901,unit_icon_0049_0_3.png,Cannon Girl,,水,攻擊,4,未覺醒,可召喚,C,8730,637,593,102,15,50,15,0,Legendary Scroll / Water Scroll / Mystical Scroll or Crystal Summon
22902,unit_icon_0049_1_3.png,Cannon Girl,,火,攻擊,4,未覺醒,可召喚,C,8895,615,604,102,15,50,15,0,Legendary Scroll / Fire Scroll / Mystical Scroll or Crystal Summon
22904,unit_icon_0049_3_3.png,Cannon Girl,,光,攻擊,4,未覺醒,可召喚,C,9060,626,582,102,15,50,15,0,Scroll of Light and Darkness
22903,unit_icon_0049_2_3.png,Cannon Girl,,風,攻擊,5,未覺醒,可召喚,B,9555,692,648,102,15,50,15,0,Legendary Scroll / Wind Scroll / Mystical Scroll or Crystal Summon
22905,unit_icon_0049_4_3.png,Cannon Girl,,暗,攻擊,5,未覺醒,可召喚,A,9225,714,648,102,15,50,15,0,Scroll of Light and Darkness
22713,unit_icon_0048_2_1.png,Carbine,,風,攻擊,4,覺醒,可召喚,B,8895,747,637,112,15,50,15,0,Legendary Scroll / Wind Scroll / Mystical Scroll or Crystal Summon
22813,unit_icon_0048_2_1.png,Carbine,,風,攻擊,4,未覺醒,非常駐,B,8895,747,637,112,15,50,15,0,
22712,unit_icon_0048_1_1.png,Carcano,,火,攻擊,4,覺醒,可召喚,B,9225,758,604,112,15,50,15,0,Legendary Scroll / Fire Scroll / Mystical Scroll or Crystal Summon
22812,unit_icon_0048_1_1.png,Carcano,,火,攻擊,4,未覺醒,非常駐,B,9225,758,604,112,15,50,15,0,
25712,unit_icon_0080_1_2.png,Carlos,卡爾洛斯,火,攻擊,5,覺醒,可召喚,B,10215,823,637,102,30,50,15,0,
30112,unit_icon_0145_1_2.png,Carmella,,火,攻擊,4,覺醒,可召喚,B,10050,747,560,104,15,50,15,0,
19412,unit_icon_0034_1_0.png,Carrack,,火,攻擊,4,覺醒,可召喚,B,10545,823,450,108,15,50,15,0,Legendary Scroll / Fire Scroll / Mystical Scroll or Crystal Summon
19315,unit_icon_0032_4_4.png,Cassie,,暗,攻擊,3,覺醒,可召喚,C,8565,769,472,102,30,50,15,0,Special Event
24815,unit_icon_0064_1_5.png,Cayde,,暗,防禦,4,覺醒,可召喚,B,9555,604,736,101,15,50,15,0,Scroll of Light and Darkness
34011,unit_icon_0192_1_1.png,Cecilia,,水,攻擊,5,覺醒,可召喚,B,10710,823,604,99,15,50,15,25,
29915,unit_icon_0153_1_5.png,Celestara,,暗,攻擊,5,覺醒,可召喚,B,10050,889,582,101,30,50,15,0,
21414,unit_icon_0043_3_2.png,Celia,,光,支援,5,覺醒,可召喚,B,11700,626,736,113,15,50,15,0,Scroll of Light and Darkness
25813,unit_icon_0081_1_3.png,Celine,,風,支援,4,覺醒,可召喚,B,11040,582,659,103,15,50,15,0,
34101,unit_icon_0193_0_1.png,Centaur Knight,,水,攻擊,4,未覺醒,可召喚,C,8895,681,538,103,15,50,15,0,
34102,unit_icon_0193_0_2.png,Centaur Knight,,火,攻擊,4,未覺醒,可召喚,C,8565,692,549,103,15,50,15,0,
34103,unit_icon_0193_0_3.png,Centaur Knight,,風,攻擊,4,未覺醒,可召喚,C,8235,736,527,103,15,50,15,0,
34104,unit_icon_0193_0_4.png,Centaur Knight,,光,攻擊,4,未覺醒,可召喚,C,8895,714,505,103,15,50,15,0,
34105,unit_icon_0193_0_5.png,Centaur Knight,,暗,攻擊,4,未覺醒,可召喚,C,8565,714,527,103,15,50,15,0,
14912,unit_icon_0018_1_0.png,Ceres,,火,攻擊,3,覺醒,可召喚,B,10050,801,340,102,15,50,15,0,Fire Scroll / Mystical Scroll or Crystal Summon / Unknown Scroll or Social Summon
13215,unit_icon_0013_4_1.png,Chacha,,暗,支援,2,覺醒,可召喚,D,8400,549,538,99,15,50,15,0,Secret Dungeon
13235,unit_icon_0070_3_4.png,Chacha and Friends,,暗,支援,2,二次覺醒,可召喚,D,10380,659,681,99,15,50,15,0,Secret Dungeon
28313,unit_icon_0118_1_3.png,Chakra,沙克拉,風,攻擊,5,覺醒,可召喚,B,10215,867,593,106,15,50,15,0,
28413,unit_icon_0118_2_3.png,Chakra,,風,攻擊,5,未覺醒,非常駐,B,10215,867,593,106,15,50,15,0,
21901,unit_icon_0045_0_0.png,Chakram Dancer,,水,攻擊,4,未覺醒,可召喚,C,8565,692,549,102,15,50,15,0,Legendary Scroll / Water Scroll / Mystical Scroll or Crystal Summon
21902,unit_icon_0045_1_0.png,Chakram Dancer,,火,攻擊,4,未覺醒,可召喚,C,8400,670,582,102,15,50,15,0,Legendary Scroll / Fire Scroll / Mystical Scroll or Crystal Summon
21903,unit_icon_0045_2_0.png,Chakram Dancer,,風,攻擊,4,未覺醒,可召喚,C,8565,681,560,102,15,50,15,0,Legendary Scroll / Wind Scroll / Mystical Scroll or Crystal Summon
21904,unit_icon_0045_3_0.png,Chakram Dancer,,光,攻擊,4,未覺醒,可召喚,C,8730,648,582,102,15,50,15,0,Scroll of Light and Darkness
21905,unit_icon_0045_4_0.png,Chakram Dancer,,暗,攻擊,4,未覺醒,可召喚,C,8400,703,549,102,15,50,15,0,Scroll of Light and Darkness
11214,unit_icon_0004_3_3.png,Chamie,,光,攻擊,4,覺醒,可召喚,B,10380,747,538,102,15,50,15,0,Scroll of Light and Darkness
27013,unit_icon_0100_1_3.png,Chamomile,,風,攻擊,4,覺醒,可召喚,B,9060,801,571,101,30,50,15,0,
17411,unit_icon_0027_0_1.png,Chandra,詹德拉,水,體力,5,覺醒,可召喚,A,13170,604,659,101,15,50,15,0,Legendary Scroll / Water Scroll / Mystical Scroll or Crystal Summon
19501,unit_icon_0034_0_1.png,Charger Shark,,水,攻擊,3,未覺醒,可召喚,C,8565,593,483,104,15,50,15,0,Water Scroll / Mystical Scroll or Crystal Summon / Unknown Scroll or Social Summon
19502,unit_icon_0034_1_1.png,Charger Shark,,火,體力,3,未覺醒,可召喚,C,8565,549,527,104,15,50,15,0,Fire Scroll / Mystical Scroll or Crystal Summon / Unknown Scroll or Social Summon
19503,unit_icon_0034_2_1.png,Charger Shark,,風,體力,3,未覺醒,可召喚,C,8565,560,516,104,15,50,15,0,Guild Shop / Wind Scroll / Mystical Scroll or Crystal Summon / Unknown Scroll or Social Summon
19504,unit_icon_0034_3_1.png,Charger Shark,,光,攻擊,3,未覺醒,可召喚,C,8565,604,472,104,15,50,15,0,Scroll of Light and Darkness
19505,unit_icon_0034_4_1.png,Charger Shark,,暗,攻擊,3,未覺醒,可召喚,C,8565,615,461,104,15,50,15,0,Scroll of Light and Darkness
16113,unit_icon_0022_2_4.png,Charlotte,夏洛特,風,攻擊,5,覺醒,可召喚,A,10380,845,604,105,15,50,15,25,Legendary Scroll / Wind Scroll / Mystical Scroll or Crystal Summon
18313,unit_icon_0029_2_3.png,Chasun,,風,支援,4,覺醒,可召喚,S,11040,659,582,101,15,50,15,0,Legendary Scroll / Wind Scroll / Mystical Scroll or Crystal Summon
23713,unit_icon_0056_1_3.png,Cheongpung,,風,攻擊,5,覺醒,可召喚,B,10545,867,571,102,15,50,15,0,Legendary Scroll / Wind Scroll / Mystical Scroll or Crystal Summon
10314,unit_icon_0001_3_0.png,Cheryl,,光,支援,2,覺醒,可召喚,D,8400,582,505,111,15,50,15,0,Secret Dungeon
10334,unit_icon_0051_3_1.png,Cheryl,,光,支援,2,二次覺醒,可召喚,D,10710,659,659,111,15,50,15,0,Secret Dungeon
13213,unit_icon_0013_2_1.png,Chichi,,風,支援,2,覺醒,可召喚,D,7905,516,604,99,15,50,15,0,Magic Shop / Secret Dungeon / Unknown Scroll or Social Summon
13233,unit_icon_0070_3_2.png,Chichi and Friends,,風,支援,2,二次覺醒,可召喚,D,9555,626,769,99,15,50,15,0,Magic Shop / Secret Dungeon / Unknown Scroll or Social Summon
20711,unit_icon_0040_0_1.png,Chilling,,水,攻擊,4,覺醒,可召喚,A,9225,736,626,101,15,50,15,0,Guild Shop / Legendary Scroll / Water Scroll / Mystical Scroll or Crystal Summon
14601,unit_icon_0011_0_0.png,Chimera,,水,攻擊,5,未覺醒,可召喚,B,10710,714,549,94,15,50,15,0,Legendary Scroll / Water Scroll / Mystical Scroll or Crystal Summon
14602,unit_icon_0011_1_0.png,Chimera,,火,體力,5,未覺醒,可召喚,B,10545,615,659,94,15,50,15,0,Legendary Scroll / Fire Scroll / Mystical Scroll or Crystal Summon
14603,unit_icon_0011_2_0.png,Chimera,,風,攻擊,5,未覺醒,可召喚,B,11535,626,582,94,15,50,15,0,Legendary Scroll / Wind Scroll / Mystical Scroll or Crystal Summon
14604,unit_icon_0011_3_0.png,Chimera,,光,攻擊,5,未覺醒,可召喚,B,9390,714,637,94,15,50,15,0,Scroll of Light and Darkness
14605,unit_icon_0011_4_0.png,Chimera,,暗,攻擊,5,未覺醒,可召喚,B,10215,659,637,94,15,50,15,0,Scroll of Light and Darkness
34114,unit_icon_0193_1_4.png,Chiron,,光,攻擊,4,覺醒,可召喚,B,9720,780,549,104,15,50,15,0,
18612,unit_icon_0031_1_1.png,Chiwu,蚩尤,火,體力,5,覺醒,可召喚,B,12180,780,549,103,15,50,15,25,Legendary Scroll / Fire Scroll / Mystical Scroll or Crystal Summon
15312,unit_icon_0020_1_1.png,Chloe,,火,支援,4,覺醒,可召喚,B,11700,549,648,111,15,50,15,0,Legendary Scroll / Fire Scroll / Mystical Scroll or Crystal Summon
27101,unit_icon_0098_0_1.png,Choco Knight,,水,攻擊,4,未覺醒,可召喚,C,9060,670,538,102,15,50,15,0,
27102,unit_icon_0098_0_2.png,Choco Knight,,火,攻擊,4,未覺醒,可召喚,C,8895,659,560,102,15,50,15,0,
27103,unit_icon_0098_0_3.png,Choco Knight,,風,體力,4,未覺醒,可召喚,C,9885,604,549,102,15,50,15,0,
27104,unit_icon_0098_0_4.png,Choco Knight,,光,攻擊,4,未覺醒,可召喚,C,8730,681,549,102,15,50,15,0,
27105,unit_icon_0098_0_5.png,Choco Knight,,暗,體力,4,未覺醒,可召喚,C,10050,615,527,102,15,50,15,0,
16611,unit_icon_0025_0_0.png,Chow,喬,水,體力,5,覺醒,可召喚,S,13005,681,593,100,30,50,15,0,Legendary Scroll / Water Scroll / Mystical Scroll or Crystal Summon
15414,unit_icon_0020_3_3.png,Chris,,光,攻擊,4,覺醒,可召喚,B,10380,878,406,105,30,50,15,0,Scroll of Light and Darkness
22913,unit_icon_0049_2_4.png,Christina,克莉絲汀,風,攻擊,5,覺醒,可召喚,B,10050,790,681,103,15,50,15,0,Legendary Scroll / Wind Scroll / Mystical Scroll or Crystal Summon
34014,unit_icon_0192_1_4.png,Christine,,光,體力,5,覺醒,可召喚,B,12180,703,626,99,15,50,40,0,
24411,unit_icon_0062_1_1.png,CHUN-LI,,水,攻擊,4,覺醒,可召喚,B,9885,790,527,105,15,50,15,25,
24412,unit_icon_0062_1_2.png,CHUN-LI,,火,支援,4,覺醒,可召喚,B,10875,703,549,105,15,50,15,25,
24413,unit_icon_0062_1_3.png,CHUN-LI,,風,攻擊,4,覺醒,可召喚,B,9720,758,571,105,30,50,15,0,
24414,unit_icon_0062_1_4.png,CHUN-LI,,光,攻擊,4,覺醒,可召喚,B,10050,769,538,120,15,50,15,0,
24415,unit_icon_0062_1_5.png,CHUN-LI,,暗,支援,4,覺醒,可召喚,B,10215,692,604,105,15,50,15,25,
19613,unit_icon_0035_2_0.png,Cichlid,,風,支援,4,覺醒,可召喚,B,11535,648,560,110,15,50,15,0,Legendary Scroll / Wind Scroll / Mystical Scroll or Crystal Summon
29312,unit_icon_0142_1_2.png,Ciri,,火,攻擊,4,覺醒,可召喚,B,9720,801,527,106,15,50,15,0,
29315,unit_icon_0142_1_5.png,Ciri,,暗,攻擊,4,覺醒,可召喚,B,10050,790,516,106,15,50,15,0,
29311,unit_icon_0142_1_1.png,Ciri,,水,攻擊,5,覺醒,可召喚,B,9885,900,582,106,15,50,40,0,
29313,unit_icon_0142_1_3.png,Ciri,,風,攻擊,5,覺醒,可召喚,B,10215,878,582,121,15,50,15,0,
29314,unit_icon_0142_1_4.png,Ciri,,光,攻擊,5,覺醒,可召喚,B,10380,845,604,106,30,50,15,0,
26112,unit_icon_0087_1_2.png,Claire,,火,攻擊,5,覺醒,可召喚,B,9885,900,582,104,30,50,15,0,
13912,unit_icon_0014_1_4.png,Clara,,火,攻擊,4,覺醒,可召喚,B,11205,769,461,103,15,50,15,0,Guild Shop / Legendary Scroll / Fire Scroll / Mystical Scroll or Crystal Summon
25212,unit_icon_0075_1_2.png,Coco,,火,攻擊,5,覺醒,可召喚,B,10710,812,615,116,15,50,15,0,
10212,unit_icon_0000_1_3.png,Cogma,,火,攻擊,2,覺醒,可召喚,D,7740,648,483,115,15,50,15,0,Magic Shop / Secret Dungeon / Unknown Scroll or Social Summon
12112,unit_icon_0009_1_2.png,Colleen,,火,支援,2,覺醒,可召喚,S,10875,461,461,106,15,50,15,0,Magic Shop / Secret Dungeon / Unknown Scroll or Social Summon
12132,unit_icon_0160_3_2.png,Colleen,,火,支援,2,二次覺醒,可召喚,S,11535,626,637,106,15,50,15,0,
16214,unit_icon_0024_3_3.png,Conrad,,光,攻擊,4,覺醒,可召喚,B,9720,769,560,101,15,50,40,0,Scroll of Light and Darkness
16513,unit_icon_0025_2_2.png,Copper,,風,防禦,3,覺醒,可召喚,C,9555,483,692,98,15,50,40,0,Wind Scroll / Mystical Scroll or Crystal Summon / Unknown Scroll or Social Summon
16533,unit_icon_0125_3_3.png,Copper,,風,防禦,3,二次覺醒,可召喚,B,10215,571,780,98,15,50,40,0,
24913,unit_icon_0065_1_3.png,Cordelia,,風,攻擊,4,覺醒,可召喚,B,9720,758,571,105,30,50,15,0,Legendary Scroll / Wind Scroll / Mystical Scroll or Crystal Summon
22711,unit_icon_0048_0_1.png,Covenant,,水,攻擊,4,覺醒,可召喚,B,9390,780,571,97,30,50,15,0,Legendary Scroll / Water Scroll / Mystical Scroll or Crystal Summon
19301,unit_icon_0032_0_3.png,Cow Girl,,水,攻擊,3,未覺醒,可召喚,C,7575,637,505,101,15,50,15,0,Guild Shop
19302,unit_icon_0032_1_3.png,Cow Girl,,火,攻擊,3,未覺醒,可召喚,C,7740,615,516,101,15,50,15,0,Guild Shop
19303,unit_icon_0032_2_3.png,Cow Girl,,風,攻擊,3,未覺醒,可召喚,C,7410,626,527,101,15,50,15,0,Guild Shop
19304,unit_icon_0032_3_3.png,Cow Girl,,光,攻擊,3,未覺醒,可召喚,S,7905,604,516,101,15,50,15,0,Secret Dungeon
19305,unit_icon_0032_4_3.png,Cow Girl,,暗,攻擊,3,未覺醒,可召喚,C,7740,659,472,101,15,50,15,0,Special Event
24714,unit_icon_0068_1_4.png,Craig,克雷格,光,體力,5,覺醒,可召喚,A,12510,648,659,101,15,50,15,25,Scroll of Light and Darkness
17915,unit_icon_0023_4_1.png,Craka,克拉卡,暗,支援,5,覺醒,可召喚,B,11535,769,604,104,15,50,15,0,Scroll of Light and Darkness
20813,unit_icon_0039_2_4.png,Crane,,風,防禦,3,覺醒,可召喚,C,9225,505,692,98,15,50,15,25,Wind Scroll / Mystical Scroll or Crystal Summon / Unknown Scroll or Social Summon
20833,unit_icon_0126_3_3.png,Crane,,風,防禦,3,二次覺醒,可召喚,B,10380,560,780,98,15,50,15,25,
20815,unit_icon_0039_4_4.png,Crawler,,暗,防禦,3,覺醒,可召喚,C,9060,505,703,98,30,50,15,0,Scroll of Light and Darkness
20835,unit_icon_0126_3_5.png,Crawler,,暗,防禦,3,二次覺醒,可召喚,B,10215,549,801,98,30,50,15,0,
30101,unit_icon_0145_0_1.png,Cyborg,,水,攻擊,4,未覺醒,可召喚,C,8895,670,549,103,15,50,15,0,
30102,unit_icon_0145_0_2.png,Cyborg,,火,攻擊,4,未覺醒,可召喚,C,9390,659,527,103,15,50,15,0,
30103,unit_icon_0145_0_3.png,Cyborg,,風,攻擊,4,未覺醒,可召喚,C,8730,714,516,103,15,50,15,0,
30104,unit_icon_0145_0_4.png,Cyborg,,光,攻擊,4,未覺醒,可召喚,C,9225,692,505,103,15,50,15,0,
30105,unit_icon_0145_0_5.png,Cyborg,,暗,攻擊,4,未覺醒,可召喚,C,9060,714,494,103,15,50,15,0,
34012,unit_icon_0192_1_2.png,Cynthia,,火,支援,5,覺醒,可召喚,B,11040,747,659,99,30,50,15,0,
10711,unit_icon_0002_0_3.png,Dagora,,水,體力,3,覺醒,可召喚,B,11850,417,604,102,15,50,15,0,Mt. White Ragon / Water Scroll / Mystical Scroll or Crystal Summon / Unknown Scroll or Social Summon
10731,unit_icon_0051_0_2.png,Dagora,,水,體力,3,二次覺醒,可召喚,B,12675,527,659,102,15,50,15,0,Mt. White Ragon / Water Scroll / Mystical Scroll or Crystal Summon / Unknown Scroll or Social Summon
13713,unit_icon_0014_2_0.png,Dagorr,,風,攻擊,3,覺醒,可召喚,C,9885,692,461,101,15,50,15,0,Secret Dungeon / Wind Scroll / Mystical Scroll or Crystal Summon / Unknown Scroll or Social Summon
10811,unit_icon_0003_0_0.png,Daharenos,,水,攻擊,2,覺醒,可召喚,D,7080,758,417,107,15,50,15,0,Hydeni Ruins / Magic Shop / Unknown Scroll or Social Summon
33502,unit_icon_0201_1_2.png,Daimon,,火,體力,5,未覺醒,非常駐,B,10545,648,626,98,15,50,15,0,
33512,unit_icon_0201_1_2.png,Daimon,,火,體力,5,覺醒,可召喚,B,11535,703,670,99,15,50,15,25,
34013,unit_icon_0192_1_3.png,Daisy,,風,攻擊,5,覺醒,可召喚,B,10215,845,615,114,15,50,15,0,
29015,unit_icon_0132_1_5.png,Damee and Sapsaree,,暗,支援,4,覺醒,可召喚,B,10050,659,648,103,15,50,15,0,
25314,unit_icon_0076_1_4.png,Daniel,,光,攻擊,5,覺醒,可召喚,B,10380,801,648,105,15,50,15,25,
28514,unit_icon_0119_1_4.png,Danu,,光,攻擊,4,覺醒,可召喚,B,9720,812,516,101,30,50,15,0,
21112,unit_icon_0040_1_3.png,Daphnis,達佛涅斯,火,攻擊,5,覺醒,可召喚,S,9885,834,648,101,15,50,15,25,Legendary Scroll / Fire Scroll / Mystical Scroll or Crystal Summon
15214,unit_icon_0021_3_0.png,Darion,,光,防禦,3,覺醒,可召喚,A,10710,549,549,98,15,50,15,25,Secret Dungeon / Scroll of Light and Darkness
15234,unit_icon_0082_3_4.png,Darion,,光,防禦,3,二次覺醒,可召喚,A,11370,637,637,98,15,50,15,25,
14215,unit_icon_0019_4_0.png,Dark Angelmon,,暗,素材,1,覺醒,可召喚,D,165,11,11,0,0,0,0,0,Angel Garden / Hall of Dark / Glory Shop
18215,unit_icon_0030_4_2.png,Dark King Angelmon,,暗,素材,1,覺醒,可召喚,D,165,11,11,0,0,0,0,0,In-App Purchase / World Boss
16201,unit_icon_0024_0_2.png,Death Knight,,水,支援,4,未覺醒,可召喚,B,9060,604,604,100,15,50,15,0,Guild Shop / Legendary Scroll / Water Scroll / Mystical Scroll or Crystal Summon
16202,unit_icon_0024_1_2.png,Death Knight,,火,體力,4,未覺醒,可召喚,C,10380,549,571,100,15,50,15,0,Guild Shop / Legendary Scroll / Fire Scroll / Mystical Scroll or Crystal Summon
16203,unit_icon_0024_2_2.png,Death Knight,,風,體力,4,未覺醒,可召喚,C,11040,527,549,100,15,50,15,0,Guild Shop / Legendary Scroll / Wind Scroll / Mystical Scroll or Crystal Summon
16204,unit_icon_0024_3_2.png,Death Knight,,光,攻擊,4,未覺醒,可召喚,C,8895,692,527,100,15,50,15,0,Scroll of Light and Darkness
16205,unit_icon_0024_4_2.png,Death Knight,,暗,防禦,4,未覺醒,可召喚,C,9060,593,615,100,15,50,15,0,Scroll of Light and Darkness
25815,unit_icon_0081_1_5.png,Deborah,,暗,支援,4,覺醒,可召喚,B,10050,703,604,103,15,50,15,0,
11115,unit_icon_0004_4_1.png,Decamaron,,暗,防禦,2,覺醒,可召喚,D,7575,516,626,99,15,50,15,0,Secret Dungeon
11613,unit_icon_0006_2_1.png,Delphoi,,風,支援,4,覺醒,可召喚,B,10875,549,703,99,15,50,15,0,Legendary Scroll / Wind Scroll / Mystical Scroll or Crystal Summon
23101,unit_icon_0052_0_3.png,Demon,,水,攻擊,5,未覺醒,可召喚,B,9885,736,582,103,15,50,15,0,Legendary Scroll / Water Scroll / Mystical Scroll or Crystal Summon
23102,unit_icon_0052_1_3.png,Demon,,火,攻擊,5,未覺醒,可召喚,B,9720,758,571,103,15,50,15,0,Legendary Scroll / Fire Scroll / Mystical Scroll or Crystal Summon
23103,unit_icon_0052_2_3.png,Demon,,風,體力,5,未覺醒,可召喚,B,10380,670,615,103,15,50,15,0,Legendary Scroll / Wind Scroll / Mystical Scroll or Crystal Summon
23104,unit_icon_0052_3_3.png,Demon,,光,體力,5,未覺醒,可召喚,B,10215,681,615,103,15,50,15,0,Scroll of Light and Darkness
23105,unit_icon_0052_4_3.png,Demon,,暗,攻擊,5,未覺醒,可召喚,S,9390,790,560,103,15,50,15,0,Scroll of Light and Darkness
30712,unit_icon_0161_1_2.png,Deragron,,火,攻擊,5,覺醒,可召喚,B,9720,878,615,101,30,50,15,0,
20501,unit_icon_0039_0_1.png,Desert Queen,,水,支援,5,未覺醒,可召喚,B,10875,604,648,100,15,50,15,0,Legendary Scroll / Water Scroll / Mystical Scroll or Crystal Summon
20502,unit_icon_0039_1_1.png,Desert Queen,,火,支援,5,未覺醒,可召喚,A,10215,659,637,100,15,50,15,0,Legendary Scroll / Fire Scroll / Mystical Scroll or Crystal Summon
20503,unit_icon_0039_2_1.png,Desert Queen,,風,支援,5,未覺醒,可召喚,A,10050,648,659,100,15,50,15,0,Legendary Scroll / Wind Scroll / Mystical Scroll or Crystal Summon
20504,unit_icon_0039_3_1.png,Desert Queen,,光,支援,5,未覺醒,可召喚,B,10545,615,659,100,15,50,15,0,Scroll of Light and Darkness
20505,unit_icon_0039_4_1.png,Desert Queen,,暗,支援,5,未覺醒,可召喚,A,10380,692,593,100,15,50,15,0,Scroll of Light and Darkness
28001,unit_icon_0115_0_1.png,Desert Warrior,,水,支援,4,未覺醒,可召喚,C,8895,659,560,102,15,50,15,0,
28004,unit_icon_0115_0_4.png,Desert Warrior,,光,體力,4,未覺醒,可召喚,C,10380,604,516,102,15,50,15,0,
28002,unit_icon_0115_0_2.png,Desert Warrior,,火,體力,5,未覺醒,可召喚,B,10875,681,571,102,15,50,15,0,
28003,unit_icon_0115_0_3.png,Desert Warrior,,風,體力,5,未覺醒,可召喚,B,11205,670,560,102,15,50,15,0,
28005,unit_icon_0115_0_5.png,Desert Warrior,,暗,支援,5,未覺醒,可召喚,B,10215,692,604,102,15,50,15,0,
26115,unit_icon_0087_1_5.png,Destiny,,暗,攻擊,5,覺醒,可召喚,B,10215,889,571,104,30,50,15,0,
21914,unit_icon_0045_3_1.png,Deva,,光,攻擊,4,覺醒,可召喚,B,9555,725,615,103,15,50,15,0,Scroll of Light and Darkness
28315,unit_icon_0118_1_5.png,Devaraja,德瓦拉賈,暗,體力,5,覺醒,可召喚,B,12180,714,615,106,15,50,15,0,
28415,unit_icon_0118_2_5.png,Devaraja,,暗,體力,5,未覺醒,非常駐,B,12180,714,615,106,15,50,15,0,
28601,unit_icon_0127_0_1.png,Devil Maiden,,水,支援,5,未覺醒,可召喚,A,10710,703,560,100,15,50,15,0,
28602,unit_icon_0127_0_2.png,Devil Maiden,,火,攻擊,5,未覺醒,可召喚,B,9390,758,593,100,15,50,15,0,
28603,unit_icon_0127_0_3.png,Devil Maiden,,風,支援,5,未覺醒,可召喚,S,10050,747,560,100,15,50,15,0,
28604,unit_icon_0127_0_4.png,Devil Maiden,,光,防禦,5,未覺醒,可召喚,B,9720,659,670,100,15,50,15,0,
28605,unit_icon_0127_0_5.png,Devil Maiden,,暗,攻擊,5,未覺醒,可召喚,B,10215,780,516,100,15,50,15,0,
15105,unit_icon_0012_4_1.png,Devilmon,,暗,素材,1,未覺醒,可召喚,D,165,11,11,0,0,0,0,0,In-App Purchase / World Boss / Devilmon Cave / Glory Shop / Trial of Ascension
17815,unit_icon_0028_4_2.png,Devinodon,,暗,防禦,3,覺醒,可召喚,C,9060,593,615,103,15,50,15,25,Scroll of Light and Darkness
24311,unit_icon_0063_1_1.png,DHALSIM,,水,攻擊,4,覺醒,可召喚,B,9555,747,593,101,15,50,15,0,
24312,unit_icon_0063_1_2.png,DHALSIM,,火,支援,4,覺醒,可召喚,B,10875,637,615,101,15,50,15,0,
24313,unit_icon_0063_1_3.png,DHALSIM,,風,攻擊,4,覺醒,可召喚,B,9060,769,604,101,15,50,15,0,
24314,unit_icon_0063_1_4.png,DHALSIM,,光,支援,4,覺醒,可召喚,B,10710,703,560,101,15,50,15,0,
24315,unit_icon_0063_1_5.png,DHALSIM,,暗,防禦,4,覺醒,可召喚,B,9555,604,736,101,15,50,15,0,
21513,unit_icon_0043_2_4.png,Diana,黛安娜,風,體力,5,覺醒,可召喚,A,12840,681,604,100,15,50,15,0,Legendary Scroll / Wind Scroll / Mystical Scroll or Crystal Summon
21613,unit_icon_0044_2_0.png,Diana,,風,體力,5,未覺醒,非常駐,A,12840,681,604,100,15,50,15,0,
16215,unit_icon_0024_4_3.png,Dias,,暗,防禦,4,覺醒,可召喚,B,9885,637,681,101,15,50,40,0,Scroll of Light and Darkness
21301,unit_icon_0042_0_4.png,Dice Magician,,水,攻擊,4,未覺醒,可召喚,B,8400,692,560,101,15,50,15,0,Legendary Scroll / Water Scroll / Mystical Scroll or Crystal Summon
21302,unit_icon_0042_1_4.png,Dice Magician,,火,攻擊,4,未覺醒,可召喚,C,8565,670,571,101,15,50,15,0,Legendary Scroll / Fire Scroll / Mystical Scroll or Crystal Summon
21303,unit_icon_0042_2_4.png,Dice Magician,,風,支援,4,未覺醒,可召喚,C,9225,615,582,101,15,50,15,0,Legendary Scroll / Wind Scroll / Mystical Scroll or Crystal Summon
21304,unit_icon_0042_3_4.png,Dice Magician,,光,支援,4,未覺醒,可召喚,C,9390,626,560,101,15,50,15,0,Scroll of Light and Darkness
21305,unit_icon_0042_4_4.png,Dice Magician,,暗,支援,4,未覺醒,可召喚,C,9060,604,604,101,15,50,15,0,Scroll of Light and Darkness
28901,unit_icon_0133_0_1.png,Dokkaebi Lord,,水,體力,5,未覺醒,可召喚,B,10875,692,560,95,15,50,15,0,
28902,unit_icon_0133_0_2.png,Dokkaebi Lord,,火,體力,5,未覺醒,可召喚,B,11535,593,615,95,15,50,15,0,
28903,unit_icon_0133_0_3.png,Dokkaebi Lord,,風,體力,5,未覺醒,可召喚,B,11535,670,538,95,15,50,15,0,
28904,unit_icon_0133_0_4.png,Dokkaebi Lord,,光,體力,5,未覺醒,可召喚,B,11205,582,648,95,15,50,15,0,
28905,unit_icon_0133_0_5.png,Dokkaebi Lord,,暗,體力,5,未覺醒,可召喚,B,10710,571,692,95,15,50,15,0,
29001,unit_icon_0132_0_1.png,Dokkaebi Princess and Sapsaree,,水,支援,4,未覺醒,可召喚,C,9885,538,615,102,15,50,15,0,
29002,unit_icon_0132_0_2.png,Dokkaebi Princess and Sapsaree,,火,支援,4,未覺醒,可召喚,C,9060,648,560,102,15,50,15,0,Fusion
29003,unit_icon_0132_0_3.png,Dokkaebi Princess and Sapsaree,,風,支援,4,未覺醒,可召喚,C,9555,527,648,102,15,50,15,0,
29004,unit_icon_0132_0_4.png,Dokkaebi Princess and Sapsaree,,光,支援,4,未覺醒,可召喚,C,9720,505,659,102,15,50,15,0,
29005,unit_icon_0132_0_5.png,Dokkaebi Princess and Sapsaree,,暗,支援,4,未覺醒,可召喚,C,9225,604,593,102,15,50,15,0,
25713,unit_icon_0080_1_3.png,Dominic,,風,攻擊,5,覺醒,可召喚,B,10875,801,615,102,30,50,15,0,
18714,unit_icon_0031_3_3.png,Dona,,光,支援,3,覺醒,可召喚,C,9720,615,549,105,15,50,15,0,Scroll of Light and Darkness
23914,unit_icon_0057_1_4.png,Dongbaek,,光,支援,4,覺醒,可召喚,B,12015,505,670,107,15,50,15,0,Scroll of Light and Darkness
25214,unit_icon_0075_1_4.png,Dorothy,,光,攻擊,5,覺醒,可召喚,B,10710,834,593,101,30,50,15,0,
24512,unit_icon_0066_1_2.png,Douglas,道格拉斯,火,攻擊,5,覺醒,可召喚,S,9885,889,593,103,15,50,15,25,Legendary Scroll / Fire Scroll / Mystical Scroll or Crystal Summon
25015,unit_icon_0072_1_5.png,Douman,道滿,暗,支援,5,覺醒,可召喚,S,12180,604,725,103,15,50,15,25,Scroll of Light and Darkness
21014,unit_icon_0041_3_2.png,Dova,,光,支援,4,覺醒,可召喚,B,10710,615,648,105,15,50,40,0,Scroll of Light and Darkness
18114,unit_icon_0029_3_1.png,Dover,,光,攻擊,4,覺醒,可召喚,B,8565,801,604,101,15,50,15,0,Scroll of Light and Darkness
35514,unit_icon_0214_1_4.png,Dr. Albert,,光,攻擊,5,覺醒,可召喚,B,10710,823,604,104,15,50,15,25,
35513,unit_icon_0214_1_3.png,Dr. Christoph,,風,支援,5,覺醒,可召喚,B,11040,703,703,104,15,50,15,25,
35511,unit_icon_0214_1_1.png,Dr. Felix,,水,攻擊,5,覺醒,可召喚,B,10545,845,593,104,15,50,15,25,
35512,unit_icon_0214_1_2.png,Dr. Matteo,,火,支援,5,覺醒,可召喚,B,11370,670,714,104,15,50,15,25,
35501,unit_icon_0214_0_1.png,Dr. Plasma,,水,攻擊,5,未覺醒,可召喚,B,9885,769,549,103,15,50,15,0,
35502,unit_icon_0214_0_2.png,Dr. Plasma,,火,支援,5,未覺醒,可召喚,B,10380,637,648,103,15,50,15,0,
35503,unit_icon_0214_0_3.png,Dr. Plasma,,風,支援,5,未覺醒,可召喚,B,10215,648,648,103,15,50,15,0,
35504,unit_icon_0214_0_4.png,Dr. Plasma,,光,攻擊,5,未覺醒,可召喚,B,10050,747,560,103,15,50,15,0,
35505,unit_icon_0214_0_5.png,Dr. Plasma,,暗,支援,5,未覺醒,可召喚,B,10215,637,659,103,15,50,15,0,
35515,unit_icon_0214_1_5.png,Dr. Richard,,暗,支援,5,覺醒,可召喚,B,11205,659,736,104,15,50,15,25,
18012,unit_icon_0028_1_4.png,Draco,,火,支援,4,覺醒,可召喚,B,10050,659,648,106,15,50,15,0,Legendary Scroll / Fire Scroll / Mystical Scroll or Crystal Summon
14401,unit_icon_0015_0_4.png,Dragon,,水,防禦,5,未覺醒,可召喚,A,11205,527,703,97,15,50,15,0,Legendary Scroll / Water Scroll / Mystical Scroll or Crystal Summon
14402,unit_icon_0015_1_4.png,Dragon,,火,攻擊,5,未覺醒,可召喚,A,8895,834,549,97,15,50,15,0,Legendary Scroll / Fire Scroll / Mystical Scroll or Crystal Summon
14403,unit_icon_0015_2_4.png,Dragon,,風,支援,5,未覺醒,可召喚,A,9885,659,659,97,15,50,15,0,Legendary Scroll / Wind Scroll / Mystical Scroll or Crystal Summon
14404,unit_icon_0015_3_4.png,Dragon,,光,體力,5,未覺醒,可召喚,B,13170,549,549,97,15,50,15,0,Scroll of Light and Darkness
14405,unit_icon_0015_4_4.png,Dragon,,暗,攻擊,5,未覺醒,可召喚,B,10545,637,637,97,15,50,15,0,Scroll of Light and Darkness
16601,unit_icon_0024_0_4.png,Dragon Knight,,水,體力,5,未覺醒,可召喚,S,11850,637,549,99,15,50,15,0,Legendary Scroll / Water Scroll / Mystical Scroll or Crystal Summon
16602,unit_icon_0024_1_4.png,Dragon Knight,,火,攻擊,5,未覺醒,可召喚,S,10380,758,527,99,15,50,15,0,Legendary Scroll / Fire Scroll / Mystical Scroll or Crystal Summon
16603,unit_icon_0024_2_4.png,Dragon Knight,,風,支援,5,未覺醒,可召喚,S,10710,681,582,99,15,50,15,0,Legendary Scroll / Wind Scroll / Mystical Scroll or Crystal Summon
16604,unit_icon_0024_3_4.png,Dragon Knight,,光,體力,5,未覺醒,可召喚,S,11535,615,593,99,15,50,15,0,Scroll of Light and Darkness
16605,unit_icon_0024_4_4.png,Dragon Knight,,暗,支援,5,未覺醒,可召喚,A,10545,648,626,99,15,50,15,0,Scroll of Light and Darkness
22715,unit_icon_0048_4_1.png,Dragunov,,暗,攻擊,4,覺醒,可召喚,B,9060,790,582,97,30,50,15,0,Scroll of Light and Darkness
22815,unit_icon_0048_4_1.png,Dragunov,,暗,攻擊,4,未覺醒,非常駐,B,9060,790,582,97,30,50,15,0,
30701,unit_icon_0161_0_1.png,Drakan Warrior,,水,防禦,5,未覺醒,可召喚,B,9225,571,790,100,15,50,15,0,
30702,unit_icon_0161_0_2.png,Drakan Warrior,,火,攻擊,5,未覺醒,可召喚,B,8895,801,582,100,15,50,15,0,
30703,unit_icon_0161_0_3.png,Drakan Warrior,,風,防禦,5,未覺醒,可召喚,S,9555,560,780,100,15,50,15,0,
30704,unit_icon_0161_0_4.png,Drakan Warrior,,光,防禦,5,未覺醒,可召喚,B,9720,571,758,100,15,50,15,0,
30705,unit_icon_0161_0_5.png,Drakan Warrior,,暗,攻擊,5,未覺醒,可召喚,A,9555,769,571,100,15,50,15,0,
30715,unit_icon_0161_1_5.png,Drakar,德拉卡爾,暗,攻擊,5,覺醒,可召喚,A,10215,845,615,101,15,50,40,0,
34213,unit_icon_0202_1_3.png,Driana,,風,攻擊,5,覺醒,可召喚,B,10215,812,648,103,15,50,15,25,
20814,unit_icon_0039_3_4.png,Driller,,光,體力,3,覺醒,可召喚,C,10215,494,637,98,15,50,40,0,Scroll of Light and Darkness
20834,unit_icon_0126_3_4.png,Driller,,光,體力,3,二次覺醒,可召喚,B,11370,549,725,98,15,50,40,0,
11715,unit_icon_0006_4_3.png,Drogan,,暗,攻擊,3,覺醒,可召喚,C,8400,878,373,98,15,50,15,0,Scroll of Light and Darkness
11735,unit_icon_0212_3_5.png,Drogan,,暗,攻擊,3,二次覺醒,可召喚,B,10215,933,417,98,15,50,15,0,
22201,unit_icon_0046_0_3.png,Druid,,水,防禦,5,未覺醒,可召喚,A,9885,648,670,101,15,50,15,0,Legendary Scroll / Water Scroll / Mystical Scroll or Crystal Summon
22202,unit_icon_0046_1_3.png,Druid,,火,防禦,5,未覺醒,可召喚,B,9720,659,670,101,15,50,15,0,Legendary Scroll / Fire Scroll / Mystical Scroll or Crystal Summon
22203,unit_icon_0046_2_3.png,Druid,,風,防禦,5,未覺醒,可召喚,B,9555,604,736,101,15,50,15,0,Legendary Scroll / Wind Scroll / Mystical Scroll or Crystal Summon
22204,unit_icon_0046_3_3.png,Druid,,光,體力,5,未覺醒,可召喚,B,10545,670,604,101,15,50,15,0,Scroll of Light and Darkness
22205,unit_icon_0046_4_3.png,Druid,,暗,體力,5,未覺醒,可召喚,B,10875,648,604,101,15,50,15,0,Scroll of Light and Darkness
17201,unit_icon_0026_0_2.png,Drunken Master,,水,攻擊,3,未覺醒,可召喚,C,7905,582,538,98,15,50,15,0,Fusion / Water Scroll / Mystical Scroll or Crystal Summon / Unknown Scroll or Social Summon
17202,unit_icon_0026_1_2.png,Drunken Master,,火,攻擊,3,未覺醒,可召喚,C,7575,648,494,98,15,50,15,0,Fire Scroll / Mystical Scroll or Crystal Summon / Unknown Scroll or Social Summon
17203,unit_icon_0026_2_2.png,Drunken Master,,風,攻擊,3,未覺醒,可召喚,C,7245,637,527,98,15,50,15,0,Wind Scroll / Mystical Scroll or Crystal Summon / Unknown Scroll or Social Summon
17204,unit_icon_0026_3_2.png,Drunken Master,,光,攻擊,3,未覺醒,可召喚,C,7410,604,549,98,15,50,15,0,Scroll of Light and Darkness
17205,unit_icon_0026_4_2.png,Drunken Master,,暗,攻擊,3,未覺醒,可召喚,C,7080,659,516,98,15,50,15,0,Scroll of Light and Darkness
22101,unit_icon_0046_0_0.png,Dryad,,水,支援,4,未覺醒,可召喚,C,9720,494,670,103,15,50,15,0,Legendary Scroll / Water Scroll / Mystical Scroll or Crystal Summon
22102,unit_icon_0046_1_0.png,Dryad,,火,支援,4,未覺醒,可召喚,C,10380,505,615,103,15,50,15,0,Legendary Scroll / Fire Scroll / Mystical Scroll or Crystal Summon
22103,unit_icon_0046_2_0.png,Dryad,,風,支援,4,未覺醒,可召喚,C,9885,571,582,103,15,50,15,0,Fusion / Legendary Scroll / Wind Scroll / Mystical Scroll or Crystal Summon
22104,unit_icon_0046_3_0.png,Dryad,,光,支援,4,未覺醒,可召喚,C,10710,516,582,103,15,50,15,0,Scroll of Light and Darkness
22105,unit_icon_0046_4_0.png,Dryad,,暗,支援,4,未覺醒,可召喚,C,10050,571,571,103,15,50,15,0,Scroll of Light and Darkness
27804,unit_icon_0113_0_4.png,Dual Blade,,光,攻擊,5,未覺醒,可召喚,B,8730,823,571,97,15,50,15,0,
20612,unit_icon_0039_1_0.png,Duamutef,,火,防禦,4,覺醒,可召喚,B,9390,626,725,102,15,50,15,0,Legendary Scroll / Fire Scroll / Mystical Scroll or Crystal Summon
33804,unit_icon_0199_1_4.png,Duke,,光,體力,4,未覺醒,非常駐,C,10215,582,549,101,15,50,15,0,
33814,unit_icon_0199_1_4.png,Duke,,光,體力,4,覺醒,可召喚,B,11370,626,593,102,15,50,15,0,
33805,unit_icon_0199_1_5.png,Duke,,暗,體力,4,未覺醒,非常駐,C,10050,593,549,101,15,50,15,0,
33815,unit_icon_0199_1_5.png,Duke,,暗,體力,4,覺醒,可召喚,B,11205,648,582,102,15,50,15,0,
33801,unit_icon_0199_1_1.png,Duke,,水,體力,5,未覺醒,非常駐,B,10710,659,604,101,15,50,15,0,
33811,unit_icon_0199_1_1.png,Duke,,水,體力,5,覺醒,可召喚,B,11850,703,648,102,15,50,40,0,
33802,unit_icon_0199_1_2.png,Duke,,火,體力,5,未覺醒,非常駐,B,11205,637,593,101,15,50,15,0,
33812,unit_icon_0199_1_2.png,Duke,,火,體力,5,覺醒,可召喚,B,12510,681,626,102,15,50,15,25,
33803,unit_icon_0199_1_3.png,Duke,,風,體力,5,未覺醒,非常駐,B,11040,637,604,101,15,50,15,0,
33813,unit_icon_0199_1_3.png,Duke,,風,體力,5,覺醒,可召喚,B,12180,692,637,102,15,50,15,25,
20715,unit_icon_0040_4_1.png,Dusky,,暗,攻擊,4,覺醒,可召喚,B,9060,801,571,101,15,50,15,0,Scroll of Light and Darkness
28314,unit_icon_0118_1_4.png,Dyeus,,光,攻擊,5,覺醒,可召喚,B,9885,900,582,106,15,50,15,0,
28414,unit_icon_0118_2_4.png,Dyeus,,光,攻擊,5,未覺醒,非常駐,B,9885,900,582,106,15,50,15,0,
22414,unit_icon_0047_3_0.png,Einheri,,光,防禦,4,覺醒,可召喚,B,9555,582,758,99,30,50,15,0,Scroll of Light and Darkness
17713,unit_icon_0027_2_4.png,Eintau,,風,體力,3,覺醒,可召喚,C,10380,593,527,99,15,50,15,0,Chiruka Remains / Wind Scroll / Mystical Scroll or Crystal Summon / Unknown Scroll or Social Summon
23015,unit_icon_0050_0_2.png,Eirgar,,暗,攻擊,5,覺醒,可召喚,B,10050,834,637,99,15,50,15,0,
27712,unit_icon_0107_1_2.png,Eivor,,火,體力,4,覺醒,可召喚,B,11700,670,527,103,15,50,15,0,
27713,unit_icon_0107_1_3.png,Eivor,,風,支援,4,覺醒,可召喚,B,10050,648,659,103,15,50,15,0,
27711,unit_icon_0107_1_1.png,Eivor,,水,支援,5,覺醒,可召喚,B,10050,736,736,103,15,50,15,25,
27714,unit_icon_0107_1_4.png,Eivor,埃沃爾,光,攻擊,5,覺醒,可召喚,B,10050,867,604,118,15,50,15,0,
27715,unit_icon_0107_1_5.png,Eivor,埃沃爾,暗,體力,5,覺醒,可召喚,A,12180,736,593,103,15,50,40,0,
17013,unit_icon_0019_2_2.png,Eladriel,,風,支援,5,覺醒,可召喚,B,12015,626,714,115,15,50,15,0,Legendary Scroll / Wind Scroll / Mystical Scroll or Crystal Summon
35301,unit_icon_0218_1_1.png,Elder Horn,,水,攻擊,4,未覺醒,非常駐,C,8895,692,527,103,15,50,15,0,
35311,unit_icon_0218_1_1.png,Elder Horn,,水,攻擊,4,覺醒,可召喚,B,9555,769,571,104,15,50,15,0,
35305,unit_icon_0218_1_5.png,Elder Horn,,暗,攻擊,4,未覺醒,非常駐,C,9225,670,527,103,15,50,15,0,
35315,unit_icon_0218_1_5.png,Elder Horn,,暗,攻擊,4,覺醒,可召喚,B,9885,747,571,104,15,50,15,0,
35302,unit_icon_0218_1_2.png,Elder Horn,,火,攻擊,5,未覺醒,非常駐,B,9555,769,571,103,15,50,15,0,
35312,unit_icon_0218_1_2.png,Elder Horn,,火,攻擊,5,覺醒,可召喚,B,10215,856,604,104,15,50,15,25,
35303,unit_icon_0218_1_3.png,Elder Horn,,風,攻擊,5,未覺醒,非常駐,B,9060,812,560,103,15,50,15,0,
35313,unit_icon_0218_1_3.png,Elder Horn,,風,攻擊,5,覺醒,可召喚,B,9720,900,593,104,30,50,15,0,
35304,unit_icon_0218_1_4.png,Elder Horn,,光,攻擊,5,未覺醒,非常駐,B,9390,725,626,103,15,50,15,0,
35314,unit_icon_0218_1_4.png,Elder Horn,,光,攻擊,5,覺醒,可召喚,B,10050,801,670,104,15,50,15,25,
21514,unit_icon_0043_3_4.png,Eleanor,艾雷諾,光,體力,5,覺醒,可召喚,A,12840,604,681,100,15,50,15,0,Scroll of Light and Darkness
21614,unit_icon_0044_3_0.png,Eleanor,,光,體力,5,未覺醒,非常駐,A,12840,604,681,100,15,50,15,0,
10801,unit_icon_0002_0_4.png,Elemental,,水,攻擊,2,未覺醒,可召喚,D,6255,681,384,106,15,50,15,0,Fusion / Hydeni Ruins / Magic Shop / Unknown Scroll or Social Summon
10802,unit_icon_0002_1_4.png,Elemental,,火,攻擊,2,未覺醒,可召喚,D,7080,549,461,106,15,50,15,0,Vrofagus Ruins / Magic Shop / Unknown Scroll or Social Summon
10803,unit_icon_0002_2_4.png,Elemental,,風,攻擊,2,未覺醒,可召喚,D,5925,714,373,106,15,50,15,0,Kabir Ruins / Magic Shop / Unknown Scroll or Social Summon
10804,unit_icon_0002_3_4.png,Elemental,,光,攻擊,3,未覺醒,可召喚,C,7575,626,516,106,15,50,15,0,Scroll of Light and Darkness
10805,unit_icon_0002_4_4.png,Elemental,,暗,攻擊,3,未覺醒,可召喚,C,7740,681,450,106,15,50,15,0,Scroll of Light and Darkness
26815,unit_icon_0099_1_5.png,Elena,,暗,支援,5,覺醒,可召喚,B,10545,747,692,96,15,50,40,0,
28113,unit_icon_0116_1_3.png,Eleni,,風,攻擊,5,覺醒,可召喚,B,9720,867,626,100,15,50,15,25,
18914,unit_icon_0033_3_3.png,Elenoa,,光,支援,5,覺醒,可召喚,B,11040,692,714,111,15,50,15,0,Scroll of Light and Darkness
32313,unit_icon_0177_1_3.png,Elephas,,風,防禦,5,覺醒,可召喚,B,11370,571,812,102,15,50,15,25,
34015,unit_icon_0192_1_5.png,Elise,,暗,攻擊,5,覺醒,可召喚,B,10050,834,637,99,15,50,15,25,
16704,unit_icon_0023_3_4.png,Elite Magical Archer,,光,攻擊,3,未覺醒,可召喚,C,8400,659,428,104,15,50,15,0,Special Event
30113,unit_icon_0145_1_3.png,Eliza,,風,攻擊,4,覺醒,可召喚,B,9390,812,538,104,15,50,15,0,
25614,unit_icon_0078_1_4.png,Ella,艾爾拉,光,支援,5,覺醒,可召喚,B,12180,659,670,99,15,50,40,0,
12011,unit_icon_0007_0_4.png,Ellena,,水,攻擊,3,覺醒,可召喚,C,5925,812,604,103,15,50,15,0,Hydeni Ruins / Water Scroll / Mystical Scroll or Crystal Summon / Unknown Scroll or Social Summon
12031,unit_icon_0074_3_1.png,Ellena,,水,攻擊,3,二次覺醒,可召喚,B,7905,867,637,103,15,50,15,0,
14911,unit_icon_0018_0_0.png,Ellin,,水,攻擊,3,覺醒,可召喚,C,9060,823,384,102,15,50,15,0,Water Scroll / Mystical Scroll or Crystal Summon / Unknown Scroll or Social Summon
11314,unit_icon_0005_3_0.png,Elpuria,,光,體力,3,覺醒,可召喚,C,10545,538,571,100,30,50,15,0,Scroll of Light and Darkness
19214,unit_icon_0032_3_2.png,Elsharion,艾莎莉恩,光,攻擊,5,覺醒,可召喚,A,10545,780,659,100,15,50,15,25,
10111,unit_icon_0000_0_1.png,Elucia,,水,支援,3,覺醒,可召喚,C,9060,626,582,104,15,50,15,0,Secret Dungeon / Water Scroll / Mystical Scroll or Crystal Summon / Unknown Scroll or Social Summon
10131,unit_icon_0051_0_0.png,Elucia,,水,支援,3,二次覺醒,可召喚,B,10050,714,648,104,15,50,15,0,Water Scroll / Mystical Scroll or Crystal Summon / Unknown Scroll or Social Summon
11714,unit_icon_0006_3_3.png,Eludain,,光,攻擊,3,覺醒,可召喚,C,7740,867,428,98,15,50,15,0,Scroll of Light and Darkness
11734,unit_icon_0212_3_4.png,Eludain,,光,攻擊,3,二次覺醒,可召喚,B,9225,922,494,98,15,50,15,0,
14514,unit_icon_0017_3_3.png,Eludia,埃魯迪亞,光,攻擊,5,覺醒,可召喚,B,9390,1054,461,99,15,50,15,25,Scroll of Light and Darkness
20911,unit_icon_0041_0_1.png,Eluin,,水,攻擊,3,覺醒,可召喚,C,8235,725,538,101,15,50,15,0,Water Scroll / Mystical Scroll or Crystal Summon / Unknown Scroll or Social Summon
20901,unit_icon_0041_0_0.png,Elven Ranger,,水,攻擊,3,未覺醒,可召喚,C,7740,615,516,100,15,50,15,0,Water Scroll / Mystical Scroll or Crystal Summon / Unknown Scroll or Social Summon
20902,unit_icon_0041_1_0.png,Elven Ranger,,火,支援,3,未覺醒,可召喚,C,8400,560,527,100,15,50,15,0,Fire Scroll / Mystical Scroll or Crystal Summon / Unknown Scroll or Social Summon
20903,unit_icon_0041_2_0.png,Elven Ranger,,風,攻擊,3,未覺醒,可召喚,C,8070,593,516,100,15,50,15,0,Wind Scroll / Mystical Scroll or Crystal Summon / Unknown Scroll or Social Summon
20904,unit_icon_0041_3_0.png,Elven Ranger,,光,攻擊,3,未覺醒,可召喚,C,8070,626,483,100,15,50,15,0,Scroll of Light and Darkness / Mystical Scroll or Crystal Summon / Unknown Scroll or Social Summon
20905,unit_icon_0041_4_0.png,Elven Ranger,,暗,攻擊,4,未覺醒,可召喚,C,8235,692,571,100,15,50,15,0,Scroll of Light and Darkness
22914,unit_icon_0049_3_4.png,Emily,,光,攻擊,4,覺醒,可召喚,B,9720,725,604,103,15,50,15,0,Scroll of Light and Darkness
20111,unit_icon_0037_0_1.png,Emma,,水,支援,4,覺醒,可召喚,B,10215,626,670,104,15,50,15,0,Legendary Scroll / Water Scroll / Mystical Scroll or Crystal Summon
29912,unit_icon_0153_1_2.png,Enshia,,火,攻擊,5,覺醒,可召喚,B,10545,878,560,101,15,50,15,25,
15301,unit_icon_0020_0_0.png,Epikion Priest,,水,支援,3,未覺醒,可召喚,C,8895,461,593,95,15,50,15,0,Water Scroll / Mystical Scroll or Crystal Summon / Unknown Scroll or Social Summon
15303,unit_icon_0020_2_0.png,Epikion Priest,,風,支援,3,未覺醒,可召喚,B,9555,527,483,95,15,50,15,0,Wind Scroll / Mystical Scroll or Crystal Summon / Unknown Scroll or Social Summon
15305,unit_icon_0020_4_0.png,Epikion Priest,,暗,體力,3,未覺醒,可召喚,C,7740,582,549,95,15,50,15,0,Scroll of Light and Darkness
15302,unit_icon_0020_1_0.png,Epikion Priest,,火,支援,4,未覺醒,可召喚,C,10050,505,637,95,15,50,15,0,Legendary Scroll / Fire Scroll / Mystical Scroll or Crystal Summon
15304,unit_icon_0020_3_0.png,Epikion Priest,,光,支援,4,未覺醒,可召喚,C,10710,549,549,95,15,50,15,0,Scroll of Light and Darkness
11814,unit_icon_0007_3_0.png,Eredas,,光,體力,4,覺醒,可召喚,B,11535,703,505,105,15,50,15,0,Scroll of Light and Darkness
30713,unit_icon_0161_1_3.png,Ereshion,埃萊希翁,風,防禦,5,覺醒,可召喚,S,10380,604,845,101,30,50,15,0,
11313,unit_icon_0005_2_0.png,Ermeda,,風,體力,3,覺醒,可召喚,B,11370,582,472,100,15,50,15,0,Tamor Desert / Wind Scroll / Mystical Scroll or Crystal Summon / Unknown Scroll or Social Summon
20913,unit_icon_0041_2_1.png,Erwin,,風,攻擊,3,覺醒,可召喚,C,8400,714,538,101,15,50,15,0,Wind Scroll / Mystical Scroll or Crystal Summon / Unknown Scroll or Social Summon
14014,unit_icon_0015_3_1.png,Eshir,,光,體力,3,覺醒,可召喚,A,12840,472,483,115,15,50,15,0,Scroll of Light and Darkness
14034,unit_icon_0053_3_1.png,Eshir,伊休魯,光,體力,3,二次覺醒,可召喚,A,13170,571,582,115,15,50,15,0,Scroll of Light and Darkness
26511,unit_icon_0090_1_1.png,Espresso Cookie,,水,攻擊,4,覺醒,可召喚,B,9885,790,527,116,15,50,15,0,
26512,unit_icon_0090_1_2.png,Espresso Cookie,,火,攻擊,4,覺醒,可召喚,B,9390,812,538,101,15,50,15,25,
26513,unit_icon_0090_1_3.png,Espresso Cookie,,風,攻擊,4,覺醒,可召喚,B,9060,801,571,101,30,50,15,0,
26514,unit_icon_0090_1_4.png,Espresso Cookie,,光,攻擊,4,覺醒,可召喚,B,9720,790,538,101,15,50,15,25,
26515,unit_icon_0090_1_5.png,Espresso Cookie,,暗,攻擊,4,覺醒,可召喚,B,9225,801,560,101,30,50,15,0,
17913,unit_icon_0023_2_1.png,Ethna,艾德娜,風,攻擊,5,覺醒,可召喚,A,10380,845,604,119,15,50,15,0,Legendary Scroll / Wind Scroll / Mystical Scroll or Crystal Summon
28914,unit_icon_0133_1_4.png,Euldong,,光,體力,5,覺醒,可召喚,B,12510,626,681,96,15,50,40,0,
29014,unit_icon_0132_1_4.png,Eunbee and Sapsaree,,光,支援,4,覺醒,可召喚,B,10710,549,714,103,15,50,15,0,
13914,unit_icon_0014_3_4.png,Eva,,光,攻擊,4,覺醒,可召喚,B,10710,714,549,103,15,50,15,0,Scroll of Light and Darkness
27915,unit_icon_0114_1_5.png,Evan,,暗,攻擊,4,覺醒,可召喚,B,9390,812,538,98,15,50,15,0,
27413,unit_icon_0109_1_3.png,Ezio,,風,攻擊,4,覺醒,可召喚,B,9225,801,560,98,15,50,15,0,
27415,unit_icon_0109_1_5.png,Ezio,,暗,攻擊,4,覺醒,可召喚,B,9390,812,538,98,15,50,15,0,
27411,unit_icon_0109_1_1.png,Ezio,,水,攻擊,5,覺醒,可召喚,B,9720,911,582,113,15,50,15,0,
27412,unit_icon_0109_1_2.png,Ezio,,火,攻擊,5,覺醒,可召喚,B,9885,889,593,98,15,50,15,25,
27414,unit_icon_0109_1_4.png,Ezio,,光,攻擊,5,覺醒,可召喚,B,10380,878,571,98,15,50,40,0,
15812,unit_icon_0007_1_1.png,Fairo,,火,攻擊,3,覺醒,可召喚,C,8565,703,538,102,30,50,15,0,Fire Scroll / Mystical Scroll or Crystal Summon / Unknown Scroll or Social Summon
10103,unit_icon_0000_2_0.png,Fairy,,風,支援,2,未覺醒,可召喚,D,7410,527,461,103,15,50,15,0,Magic Shop / Secret Dungeon / Unknown Scroll or Social Summon
10105,unit_icon_0000_4_0.png,Fairy,,暗,攻擊,2,未覺醒,可召喚,D,7080,538,472,101,15,50,15,0,Secret Dungeon
10101,unit_icon_0000_0_0.png,Fairy,,水,支援,3,未覺醒,可召喚,C,8235,483,615,103,15,50,15,0,Water Scroll / Mystical Scroll or Crystal Summon / Unknown Scroll or Social Summon
10102,unit_icon_0000_1_0.png,Fairy,,火,攻擊,3,未覺醒,可召喚,C,8730,560,505,101,15,50,15,0,Fusion / Secret Dungeon / Fire Scroll / Mystical Scroll or Crystal Summon / Unknown Scroll or Social Summon
10104,unit_icon_0000_3_0.png,Fairy,,光,支援,3,未覺醒,可召喚,C,9225,615,417,100,15,50,15,0,Secret Dungeon / Scroll of Light and Darkness
21101,unit_icon_0040_0_2.png,Fairy King,,水,攻擊,5,未覺醒,可召喚,B,9555,714,626,100,15,50,15,0,Legendary Scroll / Water Scroll / Mystical Scroll or Crystal Summon
21102,unit_icon_0040_1_2.png,Fairy King,,火,攻擊,5,未覺醒,可召喚,S,9555,703,637,100,15,50,15,0,Legendary Scroll / Fire Scroll / Mystical Scroll or Crystal Summon
21103,unit_icon_0040_2_2.png,Fairy King,,風,支援,5,未覺醒,可召喚,A,9885,659,659,100,15,50,15,0,Legendary Scroll / Wind Scroll / Mystical Scroll or Crystal Summon
21104,unit_icon_0040_3_2.png,Fairy King,,光,攻擊,5,未覺醒,可召喚,B,9555,681,659,100,15,50,15,0,Scroll of Light and Darkness
21105,unit_icon_0040_4_2.png,Fairy King,,暗,支援,5,未覺醒,可召喚,A,11205,637,593,100,15,50,15,0,Scroll of Light and Darkness
19104,unit_icon_0028_3_0.png,Fairy Queen,,光,支援,3,未覺醒,可召喚,S,9060,604,439,102,15,50,15,0,Special Event
16714,unit_icon_0023_4_4.png,Fami,,光,攻擊,3,覺醒,可召喚,C,8895,747,472,105,15,50,15,0,Special Event
11312,unit_icon_0005_1_0.png,Fao,,火,體力,3,覺醒,可召喚,B,12015,549,461,100,15,50,15,0,Secret Dungeon / Fire Scroll / Mystical Scroll or Crystal Summon / Unknown Scroll or Social Summon
28112,unit_icon_0116_1_2.png,Federica,,火,攻擊,5,覺醒,可召喚,B,9885,878,604,100,30,50,15,0,
16211,unit_icon_0024_0_3.png,Fedora,,水,支援,4,覺醒,可召喚,B,9885,659,659,101,15,50,15,25,Guild Shop / Legendary Scroll / Water Scroll / Mystical Scroll or Crystal Summon
17315,unit_icon_0008_4_4.png,Fei,,暗,攻擊,4,覺醒,可召喚,B,10215,714,582,102,15,50,15,0,Scroll of Light and Darkness
22114,unit_icon_0046_3_1.png,Felleria,,光,支援,4,覺醒,可召喚,B,11700,549,648,104,15,50,15,0,Scroll of Light and Darkness
21213,unit_icon_0041_2_4.png,Feng Yan,,風,防禦,5,覺醒,可召喚,A,10215,659,801,96,15,50,15,25,Legendary Scroll / Wind Scroll / Mystical Scroll or Crystal Summon
17015,unit_icon_0019_4_2.png,Fermion,,暗,防禦,5,覺醒,可召喚,A,10215,582,878,100,30,50,15,0,Scroll of Light and Darkness
35802,unit_icon_0222_1_2.png,Fern,,火,攻擊,4,未覺醒,非常駐,C,8895,681,538,102,15,50,15,0,
35812,unit_icon_0222_1_2.png,Fern,,火,攻擊,4,覺醒,可召喚,B,9555,769,571,103,15,50,15,0,
35805,unit_icon_0222_1_5.png,Fern,,暗,攻擊,4,未覺醒,非常駐,C,9225,670,527,102,15,50,15,0,
35815,unit_icon_0222_1_5.png,Fern,,暗,攻擊,4,覺醒,可召喚,B,9885,758,560,103,15,50,15,0,
35801,unit_icon_0222_1_1.png,Fern,,水,攻擊,5,未覺醒,非常駐,B,8895,801,582,102,15,50,15,0,
35811,unit_icon_0222_1_1.png,Fern,,水,攻擊,5,覺醒,可召喚,B,9720,878,615,103,30,50,15,0,
35803,unit_icon_0222_1_3.png,Fern,,風,攻擊,5,未覺醒,非常駐,B,10050,703,604,102,15,50,15,0,
35813,unit_icon_0222_1_3.png,Fern,,風,攻擊,5,覺醒,可召喚,B,10710,790,637,103,15,50,40,0,
35804,unit_icon_0222_1_4.png,Fern,,光,攻擊,5,未覺醒,非常駐,B,10215,747,549,102,15,50,15,0,
35814,unit_icon_0222_1_4.png,Fern,,光,攻擊,5,覺醒,可召喚,B,10875,834,582,103,15,50,15,25,
13414,unit_icon_0011_3_2.png,Figaro,,光,體力,4,覺醒,可召喚,B,11700,703,494,103,15,50,15,0,Scroll of Light and Darkness
29715,unit_icon_0151_1_5.png,Fiona,,暗,攻擊,4,覺醒,可召喚,B,10050,790,516,106,15,50,15,0,
12301,unit_icon_0010_1_1.png,Forest Keeper,,水,防禦,1,未覺醒,可召喚,D,6255,351,549,88,15,50,15,0,Aiden Forest / Magic Shop / Unknown Scroll or Social Summon
12302,unit_icon_0010_2_1.png,Forest Keeper,,火,防禦,1,未覺醒,可召喚,D,6420,362,527,88,15,50,15,0,Magic Shop / Unknown Scroll or Social Summon
12303,unit_icon_0010_3_1.png,Forest Keeper,,風,防禦,1,未覺醒,可召喚,D,6090,395,516,88,15,50,15,0,Garen Forest / Magic Shop / Unknown Scroll or Social Summon
19114,unit_icon_0028_4_0.png,Fran,,光,支援,3,覺醒,可召喚,S,10215,670,461,103,15,50,15,0,Special Event
20801,unit_icon_0039_0_3.png,Frankenstein,,水,防禦,3,未覺醒,可召喚,C,8235,494,604,97,15,50,15,0,Water Scroll / Mystical Scroll or Crystal Summon / Unknown Scroll or Social Summon
20802,unit_icon_0039_1_3.png,Frankenstein,,火,體力,3,未覺醒,可召喚,C,8895,505,549,97,15,50,15,0,Fire Scroll / Mystical Scroll or Crystal Summon / Unknown Scroll or Social Summon
20803,unit_icon_0039_2_3.png,Frankenstein,,風,防禦,3,未覺醒,可召喚,C,8565,483,593,97,15,50,15,0,Fusion / Wind Scroll / Mystical Scroll or Crystal Summon / Unknown Scroll or Social Summon
20804,unit_icon_0039_3_3.png,Frankenstein,,光,體力,3,未覺醒,可召喚,C,9060,472,571,97,15,50,15,0,Scroll of Light and Darkness
20805,unit_icon_0039_4_3.png,Frankenstein,,暗,防禦,3,未覺醒,可召喚,C,8565,494,582,97,15,50,15,0,Scroll of Light and Darkness
27814,unit_icon_0113_1_4.png,Frederic,,光,攻擊,5,覺醒,可召喚,B,9390,900,615,98,15,50,40,0,
11912,unit_icon_0009_1_4.png,Fria,,火,支援,4,覺醒,可召喚,B,8565,769,637,103,15,50,15,0,Legendary Scroll / Fire Scroll / Mystical Scroll or Crystal Summon
30714,unit_icon_0161_1_4.png,Fridrion,,光,防禦,5,覺醒,可召喚,B,10545,615,823,101,15,50,15,25,
35701,unit_icon_0220_1_1.png,Frieren,,水,攻擊,5,未覺醒,非常駐,B,8895,801,582,104,15,50,15,0,
35711,unit_icon_0220_1_1.png,Frieren,,水,攻擊,5,覺醒,可召喚,B,9555,889,615,105,30,50,15,0,
35702,unit_icon_0220_1_2.png,Frieren,,火,攻擊,5,未覺醒,非常駐,B,9555,790,549,104,15,50,15,0,
35712,unit_icon_0220_1_2.png,Frieren,,火,攻擊,5,覺醒,可召喚,B,10215,856,604,105,30,50,15,0,
35703,unit_icon_0220_1_3.png,Frieren,,風,攻擊,5,未覺醒,非常駐,B,9555,747,593,104,15,50,15,0,
35713,unit_icon_0220_1_3.png,Frieren,,風,攻擊,5,覺醒,可召喚,B,10380,823,626,105,15,50,15,25,
35704,unit_icon_0220_1_4.png,Frieren,,光,攻擊,5,未覺醒,非常駐,B,9060,801,571,104,15,50,15,0,
35714,unit_icon_0220_1_4.png,Frieren,,光,攻擊,5,覺醒,可召喚,B,9885,878,604,105,15,50,40,0,
35705,unit_icon_0220_1_5.png,Frieren,,暗,攻擊,5,未覺醒,非常駐,B,9720,747,582,104,15,50,15,0,
35715,unit_icon_0220_1_5.png,Frieren,,暗,攻擊,5,覺醒,可召喚,B,10545,812,626,105,15,50,15,25,
19415,unit_icon_0034_4_0.png,Frigate,,暗,支援,4,覺醒,可召喚,B,11370,593,626,108,15,50,15,0,Scroll of Light and Darkness
34301,unit_icon_0203_1_1.png,Frodo,,水,支援,5,未覺醒,非常駐,B,10380,593,692,104,15,50,15,0,
34311,unit_icon_0203_1_1.png,Frodo,,水,支援,5,覺醒,可召喚,B,11370,637,747,105,15,50,15,25,
16313,unit_icon_0024_2_1.png,Fuco,,風,體力,4,覺醒,可召喚,B,10875,703,549,96,15,50,15,0,Legendary Scroll / Wind Scroll / Mystical Scroll or Crystal Summon
27114,unit_icon_0098_1_4.png,Fudge,,光,攻擊,4,覺醒,可召喚,B,9555,758,582,103,15,50,15,0,
25113,unit_icon_0073_1_3.png,Fuuki,,風,體力,4,覺醒,可召喚,B,11370,703,516,100,15,50,40,0,Legendary Scroll / Wind Scroll / Mystical Scroll or Crystal Summon
10211,unit_icon_0000_0_3.png,Fynn,,水,攻擊,2,覺醒,可召喚,D,5265,736,560,111,15,50,15,0,Magic Shop / Secret Dungeon / Unknown Scroll or Social Summon
19411,unit_icon_0034_0_0.png,Galleon,,水,體力,4,覺醒,可召喚,S,11535,714,494,108,15,50,15,0,Legendary Scroll / Water Scroll / Mystical Scroll or Crystal Summon
10613,unit_icon_0002_2_1.png,Gamir,,風,攻擊,2,覺醒,可召喚,D,6915,790,395,115,15,50,15,0,Magic Shop / Secret Dungeon / Unknown Scroll or Social Summon
10633,unit_icon_0211_3_3.png,Gamir,,風,攻擊,2,二次覺醒,可召喚,D,10050,867,494,115,15,50,15,0,
27111,unit_icon_0098_1_1.png,Ganache,,水,攻擊,4,覺醒,可召喚,B,9885,747,571,103,15,50,15,0,
34401,unit_icon_0204_1_1.png,Gandalf,,水,支援,5,未覺醒,非常駐,B,10875,538,714,99,15,50,15,0,
34411,unit_icon_0204_1_1.png,Gandalf,,水,支援,5,覺醒,可召喚,A,11850,571,780,100,15,50,40,0,
34402,unit_icon_0204_1_2.png,Gandalf,,火,支援,5,未覺醒,非常駐,B,10545,648,626,99,15,50,15,0,
34412,unit_icon_0204_1_2.png,Gandalf,,火,支援,5,覺醒,可召喚,B,11535,703,670,100,15,50,15,25,
34403,unit_icon_0204_1_3.png,Gandalf,,風,支援,5,未覺醒,非常駐,B,10710,527,736,99,15,50,15,0,
34413,unit_icon_0204_1_3.png,Gandalf,,風,支援,5,覺醒,可召喚,B,11700,593,769,115,15,50,15,0,
34404,unit_icon_0204_1_4.png,Gandalf,,光,支援,5,未覺醒,非常駐,B,11205,538,692,99,15,50,15,0,
34414,unit_icon_0204_1_4.png,Gandalf,,光,支援,5,覺醒,可召喚,B,12180,571,758,100,15,50,40,0,
34405,unit_icon_0204_1_5.png,Gandalf,,暗,攻擊,5,未覺醒,非常駐,B,9555,769,571,99,15,50,15,0,
34415,unit_icon_0204_1_5.png,Gandalf,,暗,攻擊,5,覺醒,可召喚,B,10380,845,604,100,30,50,15,0,
18511,unit_icon_0030_0_4.png,Gangchun,,水,攻擊,3,覺醒,可召喚,C,8400,703,549,100,15,50,15,0,Water Scroll / Mystical Scroll or Crystal Summon / Unknown Scroll or Social Summon
21113,unit_icon_0040_2_3.png,Ganymede,卡尼魅德,風,支援,5,覺醒,可召喚,A,10710,736,692,116,15,50,15,0,Legendary Scroll / Wind Scroll / Mystical Scroll or Crystal Summon
28915,unit_icon_0133_1_5.png,Gapsoo,甲秀,暗,體力,5,覺醒,可召喚,B,12015,615,725,96,15,50,15,25,
23301,unit_icon_0052_0_1.png,Gargoyle,,水,防禦,4,未覺醒,可召喚,C,8730,494,736,92,15,50,15,0,Legendary Scroll / Water Scroll / Mystical Scroll or Crystal Summon
23302,unit_icon_0052_1_1.png,Gargoyle,,火,防禦,4,未覺醒,可召喚,C,9390,439,747,92,15,50,15,0,Legendary Scroll / Fire Scroll / Mystical Scroll or Crystal Summon
23303,unit_icon_0052_2_1.png,Gargoyle,,風,防禦,4,未覺醒,可召喚,C,8895,505,714,92,15,50,15,0,Legendary Scroll / Wind Scroll / Mystical Scroll or Crystal Summon
23304,unit_icon_0052_3_1.png,Gargoyle,,光,防禦,4,未覺醒,可召喚,C,9060,483,725,92,15,50,15,0,Scroll of Light and Darkness
23305,unit_icon_0052_4_1.png,Gargoyle,,暗,防禦,4,未覺醒,可召喚,C,8730,472,758,92,15,50,15,0,Scroll of Light and Darkness
13512,unit_icon_0013_1_3.png,Garo,,火,攻擊,4,覺醒,可召喚,B,8235,878,549,107,15,50,15,0,Legendary Scroll / Fire Scroll / Mystical Scroll or Crystal Summon
14012,unit_icon_0015_1_1.png,Garoche,,火,體力,3,覺醒,可召喚,B,12015,516,494,115,15,50,15,0,Vrofagus Ruins / Fire Scroll / Mystical Scroll or Crystal Summon / Unknown Scroll or Social Summon
14032,unit_icon_0053_1_1.png,Garoche,,火,體力,3,二次覺醒,可召喚,B,12675,604,582,115,15,50,15,0,Vrofagus Ruins / Fire Scroll / Mystical Scroll or Crystal Summon / Unknown Scroll or Social Summon
10215,unit_icon_0000_4_3.png,Garok,,暗,攻擊,2,覺醒,可召喚,D,7410,725,428,112,15,50,15,0,Secret Dungeon
10901,unit_icon_0003_0_1.png,Garuda,,水,支援,2,未覺醒,可召喚,S,10380,340,450,90,15,50,15,0,Magic Shop / Secret Dungeon / Unknown Scroll or Social Summon
10902,unit_icon_0003_1_1.png,Garuda,,火,支援,2,未覺醒,可召喚,D,6585,439,604,92,15,50,15,0,Fusion / Secret Dungeon / Unknown Scroll or Social Summon
10903,unit_icon_0003_2_1.png,Garuda,,風,支援,2,未覺醒,可召喚,D,7245,428,571,90,15,50,15,0,Mt. White Ragon / Magic Shop / Unknown Scroll or Social Summon
10905,unit_icon_0003_4_1.png,Garuda,,暗,支援,2,未覺醒,可召喚,D,7575,450,527,92,15,50,15,0,Secret Dungeon
10904,unit_icon_0003_3_1.png,Garuda,,光,支援,3,未覺醒,可召喚,C,8730,516,549,94,15,50,15,0,Scroll of Light and Darkness
22614,unit_icon_0047_3_2.png,Geldnir,,光,體力,5,覺醒,可召喚,B,11700,692,670,102,15,50,40,0,Scroll of Light and Darkness
18014,unit_icon_0028_3_4.png,Gemini,,光,攻擊,4,覺醒,可召喚,B,9225,780,582,106,15,50,15,0,Scroll of Light and Darkness
14812,unit_icon_0017_1_1.png,Geoffrey,,火,防禦,3,覺醒,可召喚,C,8565,571,670,97,15,50,15,0,Secret Dungeon / Fire Scroll / Mystical Scroll or Crystal Summon / Unknown Scroll or Social Summon
29211,unit_icon_0141_1_1.png,Geralt,,水,攻擊,5,覺醒,可召喚,B,9885,856,626,100,30,50,15,0,
29212,unit_icon_0141_1_2.png,Geralt,,火,攻擊,5,覺醒,可召喚,B,9555,867,637,100,15,50,15,25,
29213,unit_icon_0141_1_3.png,Geralt,,風,體力,5,覺醒,可召喚,B,12180,758,571,100,15,50,15,0,
29214,unit_icon_0141_1_4.png,Geralt,,光,攻擊,5,覺醒,可召喚,B,10380,834,615,100,30,50,15,0,
29215,unit_icon_0141_1_5.png,Geralt,,暗,體力,5,覺醒,可召喚,B,12510,725,582,100,15,50,15,0,
12701,unit_icon_0010_0_4.png,Ghost,,水,支援,1,未覺醒,可召喚,D,7905,483,307,101,15,50,15,0,Mt. Siz / Magic Shop / Unknown Scroll or Social Summon
12702,unit_icon_0010_1_4.png,Ghost,,火,支援,1,未覺醒,可召喚,D,7740,516,285,101,15,50,15,0,Magic Shop / Unknown Scroll or Social Summon
12703,unit_icon_0010_2_4.png,Ghost,,風,支援,1,未覺醒,可召喚,D,7410,527,296,101,15,50,15,0,Ferun Castle / Magic Shop / Unknown Scroll or Social Summon
12705,unit_icon_0010_4_4.png,Ghost,,暗,支援,1,未覺醒,可召喚,D,6915,538,318,101,15,50,15,0,Special Event
15715,unit_icon_0022_4_1.png,Giana,吉娜,暗,攻擊,5,覺醒,可召喚,S,10545,790,648,100,15,50,15,25,Scroll of Light and Darkness
22401,unit_icon_0046_0_4.png,Giant Warrior,,水,防禦,3,未覺醒,可召喚,C,8400,461,626,98,15,50,15,0,Water Scroll / Mystical Scroll or Crystal Summon / Unknown Scroll or Social Summon
22402,unit_icon_0046_1_4.png,Giant Warrior,,火,防禦,3,未覺醒,可召喚,C,8235,472,626,98,15,50,15,0,Fire Scroll / Mystical Scroll or Crystal Summon / Unknown Scroll or Social Summon
22403,unit_icon_0046_2_4.png,Giant Warrior,,風,體力,4,未覺醒,可召喚,C,10050,538,604,98,15,50,15,0,Wind Scroll / Mystical Scroll or Crystal Summon / Unknown Scroll or Social Summon
22503,unit_icon_0046_2_4.png,Giant Warrior,,風,體力,4,未覺醒,非常駐,C,10050,538,604,98,15,50,15,0,
22404,unit_icon_0046_3_4.png,Giant Warrior,,光,防禦,4,未覺醒,可召喚,C,8895,549,670,98,15,50,15,0,Scroll of Light and Darkness
22405,unit_icon_0046_4_4.png,Giant Warrior,,暗,體力,4,未覺醒,可召喚,C,10380,527,593,98,15,50,15,0,Scroll of Light and Darkness
22505,unit_icon_0046_4_4.png,Giant Warrior,,暗,體力,4,未覺醒,非常駐,C,10380,527,593,98,15,50,15,0,
32311,unit_icon_0177_1_1.png,Gideon,吉迪恩,水,防禦,5,覺醒,可召喚,B,11040,560,845,102,15,50,40,0,
18411,unit_icon_0030_0_0.png,Gildong,,水,攻擊,4,覺醒,可召喚,B,8730,845,549,104,15,50,15,25,Legendary Scroll / Water Scroll / Mystical Scroll or Crystal Summon
13514,unit_icon_0013_3_3.png,Gin,,光,攻擊,4,覺醒,可召喚,B,9390,834,516,107,15,50,15,0,Scroll of Light and Darkness
15915,unit_icon_0023_4_3.png,Gina,,暗,攻擊,3,覺醒,可召喚,C,9555,692,483,97,15,50,15,0,Scroll of Light and Darkness
15935,unit_icon_0083_3_5.png,Gina,,暗,攻擊,3,二次覺醒,可召喚,B,10050,801,560,97,15,50,15,0,
26213,unit_icon_0089_1_3.png,GingerBrave,,風,攻擊,5,覺醒,可召喚,B,9885,823,659,110,15,50,15,0,
25013,unit_icon_0072_1_3.png,Giou,祇王,風,支援,5,覺醒,可召喚,B,11205,626,769,103,15,50,15,0,Legendary Scroll / Wind Scroll / Mystical Scroll or Crystal Summon
26915,unit_icon_0097_1_5.png,Giselle,,暗,防禦,5,覺醒,可召喚,B,10050,659,812,101,15,50,15,25,
28101,unit_icon_0116_0_1.png,Gladiatrix,,水,支援,4,未覺醒,可召喚,C,9390,615,571,99,15,50,15,0,
28104,unit_icon_0116_0_4.png,Gladiatrix,,光,支援,4,未覺醒,可召喚,C,9060,648,560,99,15,50,15,0,
28102,unit_icon_0116_0_2.png,Gladiatrix,,火,攻擊,5,未覺醒,可召喚,B,9225,801,560,99,15,50,15,0,
28103,unit_icon_0116_0_3.png,Gladiatrix,,風,攻擊,5,未覺醒,可召喚,B,9060,780,593,99,15,50,15,0,
28105,unit_icon_0116_0_5.png,Gladiatrix,,暗,攻擊,5,未覺醒,可召喚,B,8565,834,571,99,15,50,15,0,
17814,unit_icon_0028_3_2.png,Glinodon,,光,防禦,3,覺醒,可召喚,C,8730,604,626,103,30,50,15,0,Scroll of Light and Darkness
14213,unit_icon_0019_2_0.png,Gold Angelmon,,風,素材,1,覺醒,可召喚,D,165,11,11,0,0,0,0,0,Angel Garden / Hall of Wind / Glory Shop
18213,unit_icon_0030_2_2.png,Gold King Angelmon,,風,素材,1,覺醒,可召喚,D,165,11,11,0,0,0,0,0,In-App Purchase / World Boss
11401,unit_icon_0005_0_1.png,Golem,,水,防禦,3,未覺醒,可召喚,C,10050,329,648,86,15,50,15,0,Secret Dungeon / Water Scroll / Mystical Scroll or Crystal Summon / Unknown Scroll or Social Summon
11402,unit_icon_0005_1_1.png,Golem,,火,防禦,3,未覺醒,可召喚,C,9060,362,681,88,15,50,15,0,Mt. Siz / Fire Scroll / Mystical Scroll or Crystal Summon / Unknown Scroll or Social Summon
11403,unit_icon_0005_2_1.png,Golem,,風,防禦,3,未覺醒,可召喚,C,10545,373,571,91,15,50,15,0,Secret Dungeon / Wind Scroll / Mystical Scroll or Crystal Summon / Unknown Scroll or Social Summon
11404,unit_icon_0005_3_1.png,Golem,,光,防禦,3,未覺醒,可召喚,C,9720,340,659,90,15,50,15,0,Scroll of Light and Darkness
11405,unit_icon_0005_4_1.png,Golem,,暗,防禦,3,未覺醒,可召喚,C,9225,384,648,88,15,50,15,0,Scroll of Light and Darkness
34801,unit_icon_0207_1_1.png,Gollum,,水,攻擊,4,未覺醒,非常駐,C,9060,659,549,104,15,50,15,0,
34811,unit_icon_0207_1_1.png,Gollum,,水,攻擊,4,覺醒,可召喚,B,9885,736,582,105,30,50,15,0,
34802,unit_icon_0207_1_2.png,Gollum,,火,攻擊,4,未覺醒,非常駐,C,9225,659,538,104,15,50,15,0,
34812,unit_icon_0207_1_2.png,Gollum,,火,攻擊,4,覺醒,可召喚,B,10215,725,571,105,15,50,15,25,
34803,unit_icon_0207_1_3.png,Gollum,,風,攻擊,4,未覺醒,非常駐,C,9060,681,527,104,15,50,15,0,
34813,unit_icon_0207_1_3.png,Gollum,,風,攻擊,4,覺醒,可召喚,B,9720,747,582,105,15,50,15,25,
34804,unit_icon_0207_1_4.png,Gollum,,光,攻擊,4,未覺醒,非常駐,C,9555,648,527,104,15,50,15,0,
34814,unit_icon_0207_1_4.png,Gollum,,光,攻擊,4,覺醒,可召喚,B,10215,714,582,105,15,50,15,25,
34805,unit_icon_0207_1_5.png,Gollum,,暗,攻擊,4,未覺醒,非常駐,C,8565,714,527,104,15,50,15,0,
34815,unit_icon_0207_1_5.png,Gollum,,暗,攻擊,4,覺醒,可召喚,B,9390,790,560,105,30,50,15,0,
10715,unit_icon_0002_4_3.png,Gorgo,,暗,體力,2,覺醒,可召喚,D,11205,351,549,102,15,50,15,0,Secret Dungeon
10735,unit_icon_0051_4_2.png,Gorgo,,暗,體力,2,二次覺醒,可召喚,D,12180,527,692,102,15,50,15,0,Secret Dungeon
19012,unit_icon_0033_1_1.png,Granite,,火,體力,3,覺醒,可召喚,C,11535,472,571,99,15,50,15,0,Fire Scroll / Mystical Scroll or Crystal Summon / Unknown Scroll or Social Summon
16315,unit_icon_0024_4_1.png,Grego,,暗,體力,4,覺醒,可召喚,B,12015,615,560,96,15,50,15,0,Scroll of Light and Darkness
11501,unit_icon_0005_0_3.png,Griffon,,水,體力,3,未覺醒,可召喚,C,11535,329,549,110,15,50,15,0,Secret Dungeon / Water Scroll / Mystical Scroll or Crystal Summon / Unknown Scroll or Social Summon
11502,unit_icon_0005_1_3.png,Griffon,,火,支援,3,未覺醒,可召喚,A,8235,516,582,110,15,50,15,0,Secret Dungeon / Fire Scroll / Mystical Scroll or Crystal Summon / Unknown Scroll or Social Summon
11503,unit_icon_0005_2_3.png,Griffon,,風,支援,3,未覺醒,可召喚,S,9390,384,637,110,15,50,15,0,Tamor Desert / Wind Scroll / Mystical Scroll or Crystal Summon / Unknown Scroll or Social Summon
11504,unit_icon_0005_3_3.png,Griffon,,光,防禦,3,未覺醒,可召喚,C,9885,439,549,110,15,50,15,0,Scroll of Light and Darkness
11505,unit_icon_0005_4_3.png,Griffon,,暗,防禦,3,未覺醒,可召喚,C,10545,450,494,110,15,50,15,0,Scroll of Light and Darkness
16001,unit_icon_0018_0_3.png,Grim Reaper,,水,攻擊,3,未覺醒,可召喚,A,7410,714,439,93,15,50,15,0,Guild Shop / Secret Dungeon / Water Scroll / Mystical Scroll or Crystal Summon / Unknown Scroll or Social Summon
16002,unit_icon_0018_1_3.png,Grim Reaper,,火,攻擊,3,未覺醒,可召喚,A,8730,670,395,93,15,50,15,0,Fire Scroll / Mystical Scroll or Crystal Summon / Unknown Scroll or Social Summon
16003,unit_icon_0018_2_3.png,Grim Reaper,,風,攻擊,3,未覺醒,可召喚,C,9225,692,340,93,15,50,15,0,Aiden Forest / Wind Scroll / Mystical Scroll or Crystal Summon / Unknown Scroll or Social Summon
16004,unit_icon_0018_3_3.png,Grim Reaper,,光,攻擊,3,未覺醒,可召喚,C,7410,714,439,93,15,50,15,0,Scroll of Light and Darkness
16005,unit_icon_0018_4_3.png,Grim Reaper,,暗,攻擊,3,未覺醒,可召喚,C,9885,659,329,93,15,50,15,0,Scroll of Light and Darkness
29914,unit_icon_0153_1_4.png,Groa,,光,支援,5,覺醒,可召喚,B,11535,670,703,101,15,50,40,0,
14415,unit_icon_0016_4_0.png,Grogen,,暗,攻擊,5,覺醒,可召喚,B,10380,801,648,98,30,50,15,0,Scroll of Light and Darkness
11414,unit_icon_0005_3_2.png,Groggo,,光,防禦,3,覺醒,可召喚,C,10875,362,725,91,15,50,15,0,Scroll of Light and Darkness
31413,unit_icon_0176_1_3.png,Gronn,,風,體力,4,覺醒,可召喚,B,11205,615,615,98,15,50,15,25,
17714,unit_icon_0027_3_4.png,Grotau,,光,體力,3,覺醒,可召喚,C,10215,571,560,99,15,50,15,0,Scroll of Light and Darkness
13711,unit_icon_0014_0_0.png,Gruda,,水,體力,3,覺醒,可召喚,C,11700,351,681,101,15,50,15,0,Secret Dungeon / Water Scroll / Mystical Scroll or Crystal Summon / Unknown Scroll or Social Summon
14115,unit_icon_0015_4_3.png,Guillaume,,暗,攻擊,4,覺醒,可召喚,B,8895,900,483,105,15,50,15,0,Scroll of Light and Darkness
18412,unit_icon_0030_1_0.png,Gunpyeong,,火,攻擊,3,覺醒,可召喚,C,8400,692,560,104,30,50,15,0,Fire Scroll / Mystical Scroll or Crystal Summon / Unknown Scroll or Social Summon
24715,unit_icon_0068_1_5.png,Gurkha,,暗,體力,5,覺醒,可召喚,B,13005,637,637,101,15,50,40,0,Scroll of Light and Darkness
31713,unit_icon_0171_1_3.png,Gyomei Himejima,,風,防禦,5,覺醒,可召喚,B,10380,626,823,99,15,50,15,25,
30001,unit_icon_0146_0_1.png,Hacker,,水,支援,5,未覺醒,可召喚,B,10380,659,626,99,15,50,15,0,
30002,unit_icon_0146_0_2.png,Hacker,,火,支援,5,未覺醒,可召喚,A,10545,604,670,99,15,50,15,0,
30003,unit_icon_0146_0_3.png,Hacker,,風,攻擊,5,未覺醒,可召喚,B,9225,769,593,99,15,50,15,0,
30004,unit_icon_0146_0_4.png,Hacker,,光,支援,5,未覺醒,可召喚,B,10710,582,681,99,15,50,15,0,
30005,unit_icon_0146_0_5.png,Hacker,,暗,支援,5,未覺醒,可召喚,S,10050,593,714,99,15,50,15,0,
23711,unit_icon_0056_1_1.png,Haegang,海岡,水,支援,5,覺醒,可召喚,S,11040,747,659,102,15,50,15,0,Legendary Scroll / Water Scroll / Mystical Scroll or Crystal Summon
13715,unit_icon_0014_4_0.png,Haken,,暗,體力,3,覺醒,可召喚,C,11205,461,604,101,15,50,15,0,Secret Dungeon / Scroll of Light and Darkness
16314,unit_icon_0024_3_1.png,Halphas,,光,防禦,4,覺醒,可召喚,B,9720,648,681,96,15,50,15,0,Scroll of Light and Darkness
13515,unit_icon_0013_4_3.png,Han,漢,暗,體力,5,覺醒,可召喚,B,12015,780,560,107,30,50,15,0,Scroll of Light and Darkness
19313,unit_icon_0032_2_4.png,Hannah,,風,攻擊,3,覺醒,可召喚,C,8400,725,527,117,15,50,15,0,Guild Shop
18515,unit_icon_0030_4_4.png,Hanra,,暗,攻擊,3,覺醒,可召喚,C,8730,747,483,100,15,50,15,0,Scroll of Light and Darkness
23714,unit_icon_0056_1_4.png,Hanwul,,光,攻擊,5,覺醒,可召喚,B,10050,878,593,102,30,50,15,0,Scroll of Light and Darkness
21001,unit_icon_0040_0_4.png,Harg,,水,支援,3,未覺醒,可召喚,C,8400,494,593,104,15,50,15,0,Water Scroll / Mystical Scroll or Crystal Summon / Unknown Scroll or Social Summon
21002,unit_icon_0040_1_4.png,Harg,,火,支援,3,未覺醒,可召喚,A,8730,516,549,104,15,50,15,0,Fire Scroll / Mystical Scroll or Crystal Summon / Unknown Scroll or Social Summon
21005,unit_icon_0040_4_4.png,Harg,,暗,支援,3,未覺醒,可召喚,C,8235,549,549,104,15,50,15,0,Scroll of Light and Darkness
21003,unit_icon_0040_2_4.png,Harg,,風,支援,4,未覺醒,可召喚,C,9885,516,637,104,15,50,15,0,Legendary Scroll / Wind Scroll / Mystical Scroll or Crystal Summon
21004,unit_icon_0040_3_4.png,Harg,,光,支援,4,未覺醒,可召喚,C,9555,582,593,104,15,50,15,0,Scroll of Light and Darkness
21412,unit_icon_0043_1_2.png,Harmonia,,火,支援,4,覺醒,可召喚,B,11040,571,670,98,15,50,40,0,Fusion / Legendary Scroll / Fire Scroll / Mystical Scroll or Crystal Summon
21401,unit_icon_0043_0_1.png,Harp Magician,,水,支援,4,未覺醒,可召喚,C,9555,549,626,97,15,50,15,0,Legendary Scroll / Water Scroll / Mystical Scroll or Crystal Summon
21402,unit_icon_0043_1_1.png,Harp Magician,,火,支援,4,未覺醒,可召喚,C,9720,538,626,97,15,50,15,0,Fusion / Legendary Scroll / Fire Scroll / Mystical Scroll or Crystal Summon
21403,unit_icon_0043_2_1.png,Harp Magician,,風,支援,4,未覺醒,可召喚,C,9885,549,604,97,15,50,15,0,Legendary Scroll / Wind Scroll / Mystical Scroll or Crystal Summon
21404,unit_icon_0043_3_1.png,Harp Magician,,光,支援,5,未覺醒,可召喚,B,10380,615,670,97,15,50,15,0,Scroll of Light and Darkness
21405,unit_icon_0043_4_1.png,Harp Magician,,暗,支援,5,未覺醒,可召喚,S,10875,593,659,97,15,50,15,0,Scroll of Light and Darkness
12101,unit_icon_0009_0_1.png,Harpu,,水,支援,2,未覺醒,可召喚,D,6585,527,516,105,15,50,15,0,Mt. White Ragon / Magic Shop / Unknown Scroll or Social Summon
12102,unit_icon_0009_1_1.png,Harpu,,火,支援,2,未覺醒,可召喚,S,9060,439,439,105,15,50,15,0,Magic Shop / Secret Dungeon / Unknown Scroll or Social Summon
12103,unit_icon_0009_2_1.png,Harpu,,風,支援,2,未覺醒,可召喚,D,7080,560,450,107,15,50,15,0,Magic Shop / Secret Dungeon / Unknown Scroll or Social Summon
12104,unit_icon_0009_3_1.png,Harpu,,光,攻擊,3,未覺醒,可召喚,C,8565,571,505,104,15,50,15,0,Secret Dungeon / Scroll of Light and Darkness
12105,unit_icon_0009_4_1.png,Harpu,,暗,攻擊,3,未覺醒,可召喚,C,8400,571,516,103,15,50,15,0,Secret Dungeon / Scroll of Light and Darkness
10501,unit_icon_0001_0_3.png,Harpy,,水,攻擊,3,未覺醒,可召喚,C,7740,670,461,104,15,50,15,0,Secret Dungeon / Water Scroll / Mystical Scroll or Crystal Summon / Unknown Scroll or Social Summon
10502,unit_icon_0001_1_3.png,Harpy,,火,攻擊,3,未覺醒,可召喚,C,6750,769,428,102,15,50,15,0,Secret Dungeon / Fire Scroll / Mystical Scroll or Crystal Summon / Unknown Scroll or Social Summon
10503,unit_icon_0001_2_3.png,Harpy,,風,攻擊,3,未覺醒,可召喚,C,8400,637,450,104,15,50,15,0,Kabir Ruins / Wind Scroll / Mystical Scroll or Crystal Summon / Unknown Scroll or Social Summon
10504,unit_icon_0001_3_3.png,Harpy,,光,攻擊,3,未覺醒,可召喚,C,7080,681,494,104,15,50,15,0,Scroll of Light and Darkness
10505,unit_icon_0001_4_3.png,Harpy,,暗,攻擊,3,未覺醒,可召喚,C,7245,703,461,103,15,50,15,0,Scroll of Light and Darkness
20513,unit_icon_0039_2_2.png,Hathor,哈索爾,風,支援,5,覺醒,可召喚,A,11040,692,714,101,15,50,15,25,Legendary Scroll / Wind Scroll / Mystical Scroll or Crystal Summon
12815,unit_icon_0011_4_1.png,Havana,,暗,支援,1,覺醒,可召喚,D,7080,527,483,100,15,50,15,0,Special Event
30805,unit_icon_0162_1_5.png,Hayato,,暗,攻擊,5,未覺醒,非常駐,B,10875,801,615,104,15,50,15,0,
30815,unit_icon_0162_1_5.png,Hayato,,暗,攻擊,5,覺醒,可召喚,B,10875,801,615,104,15,50,15,25,
27913,unit_icon_0114_1_3.png,Hector,,風,攻擊,4,覺醒,可召喚,B,9225,801,560,98,15,50,15,0,
33012,unit_icon_0188_1_2.png,Heihachi Mishima,,火,體力,5,覺醒,可召喚,B,11535,703,670,99,15,50,15,25,
24814,unit_icon_0064_1_4.png,Hekerson,,光,支援,4,覺醒,可召喚,B,10710,703,560,101,15,50,15,0,Scroll of Light and Darkness
21512,unit_icon_0043_1_4.png,Helena,海倫娜,火,體力,5,覺醒,可召喚,B,12510,692,615,100,15,50,15,0,Legendary Scroll / Fire Scroll / Mystical Scroll or Crystal Summon
21612,unit_icon_0044_1_0.png,Helena,,火,體力,5,未覺醒,非常駐,B,12510,692,615,100,15,50,15,0,
17901,unit_icon_0023_0_0.png,Hell Lady,,水,攻擊,5,未覺醒,可召喚,B,9555,670,670,103,15,50,15,0,Legendary Scroll / Water Scroll / Mystical Scroll or Crystal Summon
17902,unit_icon_0023_1_0.png,Hell Lady,,火,攻擊,5,未覺醒,可召喚,B,9885,659,659,103,15,50,15,0,Legendary Scroll / Fire Scroll / Mystical Scroll or Crystal Summon
17903,unit_icon_0023_2_0.png,Hell Lady,,風,攻擊,5,未覺醒,可召喚,A,10380,670,615,103,15,50,15,0,Legendary Scroll / Wind Scroll / Mystical Scroll or Crystal Summon
17904,unit_icon_0023_3_0.png,Hell Lady,,光,攻擊,5,未覺醒,可召喚,B,10380,648,637,103,15,50,15,0,Scroll of Light and Darkness
17905,unit_icon_0023_4_0.png,Hell Lady,,暗,支援,5,未覺醒,可召喚,B,11370,626,593,103,15,50,15,0,Scroll of Light and Darkness
10515,unit_icon_0001_4_4.png,Hellea,,暗,攻擊,3,覺醒,可召喚,C,7575,801,505,104,15,50,15,0,Scroll of Light and Darkness
10601,unit_icon_0002_0_0.png,Hellhound,,水,攻擊,2,未覺醒,可召喚,D,6750,615,417,114,15,50,15,0,Magic Shop / Secret Dungeon / Unknown Scroll or Social Summon
10602,unit_icon_0002_1_0.png,Hellhound,,火,攻擊,2,未覺醒,可召喚,D,6255,681,384,114,15,50,15,0,Faimon Volcano / Magic Shop / Unknown Scroll or Social Summon
10603,unit_icon_0002_2_0.png,Hellhound,,風,攻擊,2,未覺醒,可召喚,D,7080,659,351,114,15,50,15,0,Magic Shop / Secret Dungeon / Unknown Scroll or Social Summon
10604,unit_icon_0002_3_0.png,Hellhound,,光,攻擊,2,未覺醒,可召喚,D,7410,615,373,114,15,50,15,0,Secret Dungeon
10605,unit_icon_0002_4_0.png,Hellhound,,暗,攻擊,3,未覺醒,可召喚,C,6255,758,472,114,15,50,15,0,Secret Dungeon / Scroll of Light and Darkness
16011,unit_icon_0018_0_4.png,Hemos,,水,攻擊,3,覺醒,可召喚,A,8070,801,472,94,15,50,15,0,Guild Shop / Secret Dungeon / Water Scroll / Mystical Scroll or Crystal Summon / Unknown Scroll or Social Summon
16031,unit_icon_0071_3_0.png,Hemos,,水,攻擊,3,二次覺醒,可召喚,A,9225,856,560,94,15,50,15,0,Guild Shop / Secret Dungeon / Water Scroll / Mystical Scroll or Crystal Summon / Unknown Scroll or Social Summon
29613,unit_icon_0150_1_3.png,Henrik,,風,體力,5,覺醒,可召喚,B,12180,758,571,100,15,50,15,0,
22111,unit_icon_0046_0_1.png,Herne,,水,支援,4,覺醒,可召喚,B,10710,538,725,104,15,50,15,0,Legendary Scroll / Water Scroll / Mystical Scroll or Crystal Summon
22615,unit_icon_0047_4_2.png,Herteit,,暗,攻擊,5,覺醒,可召喚,B,9555,845,659,102,15,50,15,25,Scroll of Light and Darkness
29813,unit_icon_0152_1_3.png,Hexarina,,風,攻擊,4,覺醒,可召喚,B,10875,659,593,103,15,50,15,0,
27012,unit_icon_0100_1_2.png,Hibiscus,,火,攻擊,4,覺醒,可召喚,B,9390,812,538,101,15,50,15,25,
12001,unit_icon_0007_0_3.png,High Elemental,,水,攻擊,3,未覺醒,可召喚,C,5595,725,549,102,15,50,15,0,Hydeni Ruins / Water Scroll / Mystical Scroll or Crystal Summon / Unknown Scroll or Social Summon
12002,unit_icon_0007_1_3.png,High Elemental,,火,攻擊,3,未覺醒,可召喚,C,5760,780,483,101,15,50,15,0,Vrofagus Ruins / Fire Scroll / Mystical Scroll or Crystal Summon / Unknown Scroll or Social Summon
12003,unit_icon_0007_2_3.png,High Elemental,,風,攻擊,3,未覺醒,可召喚,C,5265,834,461,104,15,50,15,0,Kabir Ruins / Wind Scroll / Mystical Scroll or Crystal Summon / Unknown Scroll or Social Summon
12004,unit_icon_0007_3_3.png,High Elemental,,光,支援,3,未覺醒,可召喚,C,9060,659,384,103,15,50,15,0,Scroll of Light and Darkness
12005,unit_icon_0007_4_3.png,High Elemental,,暗,攻擊,3,未覺醒,可召喚,C,5595,801,472,103,15,50,15,0,Scroll of Light and Darkness
29815,unit_icon_0152_1_5.png,Hilda,,暗,攻擊,5,覺醒,可召喚,B,10545,845,593,103,30,50,15,0,
35601,unit_icon_0224_1_1.png,Himmel,,水,攻擊,5,未覺醒,非常駐,B,9060,703,670,99,15,50,15,0,
35611,unit_icon_0224_1_1.png,Himmel,,水,攻擊,5,覺醒,可召喚,B,9555,790,714,100,30,50,15,0,
14913,unit_icon_0018_2_0.png,Hina,,風,攻擊,3,覺醒,可召喚,C,9225,845,351,102,15,50,15,0,Guild Shop / Wind Scroll / Mystical Scroll or Crystal Summon / Unknown Scroll or Social Summon
20214,unit_icon_0037_3_3.png,Hiro,,光,體力,3,覺醒,可召喚,C,10710,516,582,99,15,50,15,25,Scroll of Light and Darkness
16013,unit_icon_0018_2_4.png,Hiva,,風,攻擊,3,覺醒,可召喚,C,8895,758,461,94,15,50,15,0,Aiden Forest / Wind Scroll / Mystical Scroll or Crystal Summon / Unknown Scroll or Social Summon
16033,unit_icon_0071_3_2.png,Hiva,,風,攻擊,3,二次覺醒,可召喚,B,10215,834,516,94,15,50,15,0,Aiden Forest / Wind Scroll / Mystical Scroll or Crystal Summon / Unknown Scroll or Social Summon
26411,unit_icon_0092_1_1.png,Hollyberry Cookie,,水,防禦,5,覺醒,可召喚,B,10215,637,823,101,30,50,15,0,
26412,unit_icon_0092_1_2.png,Hollyberry Cookie,,火,防禦,5,覺醒,可召喚,B,9555,604,900,101,15,50,40,0,
26413,unit_icon_0092_1_3.png,Hollyberry Cookie,,風,防禦,5,覺醒,可召喚,B,9885,648,834,101,15,50,40,0,
26414,unit_icon_0092_1_4.png,Hollyberry Cookie,,光,防禦,5,覺醒,可召喚,B,9720,615,878,101,15,50,15,25,
26415,unit_icon_0092_1_5.png,Hollyberry Cookie,,暗,防禦,5,覺醒,可召喚,B,10050,659,812,101,15,50,15,25,
1000101,unit_icon_0042_0_1.png,Homunculus(Attack),,水,攻擊,5,未覺醒,可召喚,A,9555,790,549,100,15,50,15,0,
1000111,unit_icon_0042_0_2.png,Homunculus(Attack),,水,攻擊,5,覺醒,可召喚,A,10380,878,571,101,15,50,15,0,
1000102,unit_icon_0042_1_1.png,Homunculus(Attack),,火,攻擊,5,未覺醒,可召喚,A,9555,725,615,100,15,50,15,0,
1000112,unit_icon_0042_1_2.png,Homunculus(Attack),,火,攻擊,5,覺醒,可召喚,A,10215,823,637,101,15,50,15,0,
1000103,unit_icon_0042_2_1.png,Homunculus(Attack),,風,攻擊,5,未覺醒,可召喚,A,8895,769,615,100,15,50,15,0,
1000113,unit_icon_0042_2_2.png,Homunculus(Attack),,風,攻擊,5,覺醒,可召喚,A,9555,845,659,101,15,50,15,0,
1000204,unit_icon_0044_0_1.png,Homunculus(Support),,光,支援,5,未覺醒,可召喚,A,11370,593,626,100,15,50,15,0,
1000214,unit_icon_0044_2_1.png,Homunculus(Support),,光,支援,5,覺醒,可召喚,A,12345,626,692,101,15,50,15,0,
1000205,unit_icon_0044_1_1.png,Homunculus(Support),,暗,支援,5,未覺醒,可召喚,A,11205,637,593,100,15,50,15,0,
1000215,unit_icon_0044_3_1.png,Homunculus(Support),,暗,支援,5,覺醒,可召喚,A,12345,692,626,101,15,50,15,0,
17312,unit_icon_0008_1_4.png,Hong Hua,,火,體力,4,覺醒,可召喚,B,11370,648,571,102,15,50,15,0,Guild Shop / Legendary Scroll / Fire Scroll / Mystical Scroll or Crystal Summon
23912,unit_icon_0057_1_2.png,Hongyeon,,火,支援,4,覺醒,可召喚,B,11535,549,659,107,15,50,15,0,Legendary Scroll / Fire Scroll / Mystical Scroll or Crystal Summon
13001,unit_icon_0012_0_2.png,Horned Frog,,水,體力,1,未覺醒,可召喚,D,8235,373,395,100,15,50,15,0,Telain Forest / Unknown Scroll or Social Summon
13002,unit_icon_0012_1_2.png,Horned Frog,,火,體力,1,未覺醒,可召喚,D,8400,362,395,100,15,50,15,0,Unknown Scroll or Social Summon
13003,unit_icon_0012_2_2.png,Horned Frog,,風,體力,1,未覺醒,可召喚,D,8070,417,362,100,15,50,15,0,Unknown Scroll or Social Summon
13005,unit_icon_0012_3_2.png,Horned Frog,,暗,體力,1,未覺醒,可召喚,D,8070,417,362,100,15,50,15,0,Special Event
20601,unit_icon_0038_0_4.png,Horus,,水,支援,4,未覺醒,可召喚,C,9555,571,604,101,15,50,15,0,Fusion / Legendary Scroll / Water Scroll / Mystical Scroll or Crystal Summon
20602,unit_icon_0038_1_4.png,Horus,,火,防禦,4,未覺醒,可召喚,C,8565,593,648,101,15,50,15,0,Legendary Scroll / Fire Scroll / Mystical Scroll or Crystal Summon
20603,unit_icon_0038_2_4.png,Horus,,風,支援,4,未覺醒,可召喚,C,9225,615,582,101,15,50,15,0,Legendary Scroll / Wind Scroll / Mystical Scroll or Crystal Summon
20605,unit_icon_0038_4_4.png,Horus,,暗,支援,4,未覺醒,可召喚,C,9390,593,593,101,15,50,15,0,Scroll of Light and Darkness
20604,unit_icon_0038_3_4.png,Horus,,光,防禦,5,未覺醒,可召喚,B,9885,604,714,101,15,50,15,0,Scroll of Light and Darkness
13201,unit_icon_0013_0_0.png,Howl,,水,支援,2,未覺醒,可召喚,D,5760,516,582,98,15,50,15,0,Hydeni Ruins / Secret Dungeon / Unknown Scroll or Social Summon
13202,unit_icon_0013_1_0.png,Howl,,火,支援,2,未覺醒,可召喚,D,6585,450,593,98,15,50,15,0,Magic Shop / Secret Dungeon / Unknown Scroll or Social Summon
13203,unit_icon_0013_2_0.png,Howl,,風,支援,2,未覺醒,可召喚,D,7245,450,549,98,15,50,15,0,Magic Shop / Secret Dungeon / Unknown Scroll or Social Summon
13204,unit_icon_0013_3_0.png,Howl,,光,支援,2,未覺醒,可召喚,D,6750,472,560,98,15,50,15,0,Secret Dungeon
13205,unit_icon_0013_4_0.png,Howl,,暗,支援,2,未覺醒,可召喚,D,6090,494,582,98,15,50,15,0,Secret Dungeon
18813,unit_icon_0032_2_0.png,Hraesvelg,,風,攻擊,4,覺醒,可召喚,B,10215,747,549,103,15,50,40,0,Guild Shop / Legendary Scroll / Wind Scroll / Mystical Scroll or Crystal Summon
18815,unit_icon_0032_4_0.png,Hrungnir,,暗,攻擊,4,覺醒,可召喚,B,10545,812,461,103,15,50,40,0,Scroll of Light and Darkness
17213,unit_icon_0026_2_3.png,Huan,,風,攻擊,3,覺醒,可召喚,C,8235,736,527,99,30,50,15,0,Wind Scroll / Mystical Scroll or Crystal Summon / Unknown Scroll or Social Summon
14811,unit_icon_0017_0_1.png,Huga,,水,攻擊,2,覺醒,可召喚,D,6255,758,472,97,15,50,15,0,Magic Shop / Secret Dungeon / Unknown Scroll or Social Summon
15512,unit_icon_0021_1_4.png,Hwa,,火,攻擊,4,覺醒,可召喚,B,9720,758,571,104,15,50,15,25,Guild Shop / Legendary Scroll / Fire Scroll / Mystical Scroll or Crystal Summon
18414,unit_icon_0030_3_0.png,Hwadam,,光,體力,4,覺醒,可召喚,B,11535,637,571,104,15,50,40,0,Scroll of Light and Darkness
18312,unit_icon_0029_1_3.png,Hwahee,,火,攻擊,4,覺醒,可召喚,B,9555,769,571,101,15,50,15,0,Legendary Scroll / Fire Scroll / Mystical Scroll or Crystal Summon
33212,unit_icon_0185_1_2.png,Hwoarang,,火,攻擊,4,覺醒,可召喚,B,9555,736,604,104,15,50,15,0,
33215,unit_icon_0185_1_5.png,Hwoarang,,暗,攻擊,4,覺醒,可召喚,B,9720,714,615,104,15,50,15,0,
33211,unit_icon_0185_1_1.png,Hwoarang,,水,攻擊,5,覺醒,可召喚,B,10545,790,648,104,30,50,15,0,
33213,unit_icon_0185_1_3.png,Hwoarang,,風,攻擊,5,覺醒,可召喚,B,10710,769,659,104,30,50,15,0,
33214,unit_icon_0185_1_4.png,Hwoarang,花郎,光,攻擊,5,覺醒,可召喚,B,10380,801,648,104,30,50,15,0,
22115,unit_icon_0046_4_1.png,Hyanes,,暗,支援,4,覺醒,可召喚,B,11040,604,637,104,15,50,15,0,Scroll of Light and Darkness
32314,unit_icon_0177_1_4.png,Hyllus,,光,防禦,5,覺醒,可召喚,B,10875,560,856,102,15,50,40,0,
26001,unit_icon_0085_0_1.png,Hypnomeow,,水,體力,4,未覺醒,可召喚,C,10875,571,516,99,15,50,15,0,
26002,unit_icon_0085_0_2.png,Hypnomeow,,火,體力,4,未覺醒,可召喚,C,11040,582,494,99,15,50,15,0,
26003,unit_icon_0085_0_3.png,Hypnomeow,,風,體力,4,未覺醒,可召喚,C,10545,538,571,99,15,50,15,0,
26004,unit_icon_0085_0_4.png,Hypnomeow,,光,體力,4,未覺醒,可召喚,C,11040,538,538,99,15,50,15,0,
26005,unit_icon_0085_0_5.png,Hypnomeow,,暗,體力,4,未覺醒,可召喚,C,10380,626,494,99,15,50,15,0,
27914,unit_icon_0114_1_4.png,Ian,,光,攻擊,5,覺醒,可召喚,B,10380,878,571,98,15,50,40,0,
11915,unit_icon_0009_4_4.png,Icares,,暗,攻擊,4,覺醒,可召喚,B,9885,790,527,103,15,50,15,0,Scroll of Light and Darkness
11011,unit_icon_0003_0_4.png,Icaru,,水,防禦,3,覺醒,可召喚,B,9390,549,637,108,15,50,15,0,Garen Forest / Water Scroll / Mystical Scroll or Crystal Summon / Unknown Scroll or Social Summon
11031,unit_icon_0051_0_3.png,Icaru,,水,防禦,3,二次覺醒,可召喚,B,9885,637,736,108,15,50,15,0,Garen Forest / Water Scroll / Mystical Scroll or Crystal Summon / Unknown Scroll or Social Summon
11614,unit_icon_0006_3_1.png,Icasha,,光,支援,4,覺醒,可召喚,B,9225,615,747,99,15,50,15,0,Scroll of Light and Darkness
19201,unit_icon_0032_0_1.png,Ifrit,,水,攻擊,5,未覺醒,可召喚,S,10050,725,582,99,15,50,15,0,Guild Shop
19202,unit_icon_0032_1_1.png,Ifrit,,火,體力,5,未覺醒,可召喚,S,10215,648,648,99,15,50,15,0,Guild Shop
19203,unit_icon_0032_2_1.png,Ifrit,,風,攻擊,5,未覺醒,可召喚,A,9060,758,615,99,15,50,15,0,Guild Shop
19204,unit_icon_0032_3_1.png,Ifrit,,光,攻擊,5,未覺醒,可召喚,A,10050,692,615,99,15,50,15,0,
19205,unit_icon_0032_4_1.png,Ifrit,,暗,支援,5,未覺醒,可召喚,S,9555,637,703,99,15,50,15,0,Fusion
17812,unit_icon_0028_1_2.png,Igmanodon,,火,防禦,3,覺醒,可召喚,C,8730,582,648,103,30,50,15,0,Fire Scroll / Mystical Scroll or Crystal Summon / Unknown Scroll or Social Summon
19512,unit_icon_0034_1_2.png,Ignicus,,火,體力,3,覺醒,可召喚,C,9885,637,516,105,15,50,15,0,Fire Scroll / Mystical Scroll or Crystal Summon / Unknown Scroll or Social Summon
20114,unit_icon_0037_3_1.png,Illianna,,光,支援,4,覺醒,可召喚,B,11040,538,703,104,15,50,15,0,Scroll of Light and Darkness
20613,unit_icon_0039_2_0.png,Imesety,,風,支援,4,覺醒,可召喚,B,10050,681,626,102,15,50,15,0,Legendary Scroll / Wind Scroll / Mystical Scroll or Crystal Summon
10201,unit_icon_0000_0_2.png,Imp,,水,攻擊,2,未覺醒,可召喚,D,4605,648,527,110,15,50,15,0,Magic Shop / Secret Dungeon / Unknown Scroll or Social Summon
10202,unit_icon_0000_1_2.png,Imp,,火,攻擊,2,未覺醒,可召喚,D,6420,604,450,114,15,50,15,0,Magic Shop / Secret Dungeon / Unknown Scroll or Social Summon
10203,unit_icon_0000_2_2.png,Imp,,風,攻擊,2,未覺醒,可召喚,D,5100,659,483,115,15,50,15,0,Mt. Runar / Magic Shop / Secret Dungeon / Unknown Scroll or Social Summon
10204,unit_icon_0000_3_2.png,Imp,,光,攻擊,2,未覺醒,可召喚,D,7245,560,439,112,15,50,15,0,Secret Dungeon
10205,unit_icon_0000_4_2.png,Imp,,暗,攻擊,2,未覺醒,可召喚,D,6585,604,439,113,15,50,15,0,Secret Dungeon
15801,unit_icon_0022_0_2.png,Imp Champion,,水,攻擊,3,未覺醒,可召喚,C,8895,615,439,101,15,50,15,0,Water Scroll / Mystical Scroll or Crystal Summon / Unknown Scroll or Social Summon
15802,unit_icon_0022_1_2.png,Imp Champion,,火,攻擊,3,未覺醒,可召喚,C,8070,604,505,101,15,50,15,0,Fire Scroll / Mystical Scroll or Crystal Summon / Unknown Scroll or Social Summon
15803,unit_icon_0022_2_2.png,Imp Champion,,風,防禦,3,未覺醒,可召喚,C,8070,549,560,101,15,50,15,0,Wind Scroll / Mystical Scroll or Crystal Summon / Unknown Scroll or Social Summon
15804,unit_icon_0022_3_2.png,Imp Champion,,光,防禦,3,未覺醒,可召喚,C,7905,549,571,101,15,50,15,0,Scroll of Light and Darkness
15805,unit_icon_0022_4_2.png,Imp Champion,,暗,攻擊,3,未覺醒,可召喚,C,7245,681,483,101,15,50,15,0,Scroll of Light and Darkness
34123,unit_icon_0195_3_3.png,Imperfect Centaur Knight,,風,攻擊,4,未覺醒,非常駐,C,8235,736,527,103,15,50,15,0,
21922,unit_icon_0194_3_2.png,Imperfect Chakram Dancer,,火,攻擊,4,未覺醒,非常駐,C,8400,670,582,102,15,50,15,0,
29022,unit_icon_0134_3_2.png,Imperfect Dokkaebi Princess and Sapsaree,,火,支援,4,未覺醒,非常駐,C,4440,318,274,102,15,50,15,0,
22123,unit_icon_0079_2_1.png,Imperfect Dryad,,風,支援,4,未覺醒,非常駐,C,4935,285,285,103,15,50,15,0,
21422,unit_icon_0047_4_3.png,Imperfect Harp Magician,,火,支援,4,未覺醒,非常駐,C,4770,263,307,97,15,50,15,0,
20621,unit_icon_0042_0_0.png,Imperfect Horus,,水,支援,4,未覺醒,非常駐,C,4770,285,296,101,15,50,15,0,
13422,unit_icon_0037_1_4.png,Imperfect Joker,,火,防禦,4,未覺醒,非常駐,C,4110,307,318,102,15,50,15,0,
17323,unit_icon_0042_1_0.png,Imperfect Kung Fu Girl,,風,攻擊,4,未覺醒,非常駐,C,4275,307,307,101,15,50,15,0,
19823,unit_icon_0047_1_3.png,Imperfect Magic Knight,,風,體力,4,未覺醒,非常駐,C,4935,296,263,94,15,50,15,0,
20121,unit_icon_0079_2_3.png,Imperfect Neostone Agent,,水,支援,4,未覺醒,非常駐,C,4605,263,329,103,15,50,15,0,
11223,unit_icon_0037_0_4.png,Imperfect Nine-tailed Fox,,風,攻擊,4,未覺醒,非常駐,C,4275,417,187,101,15,50,15,0,
13521,unit_icon_0034_4_3.png,Imperfect Ninja,,水,攻擊,4,未覺醒,非常駐,C,3465,417,242,106,15,50,15,0,
25121,unit_icon_0134_3_1.png,Imperfect Onimusha,,水,攻擊,4,未覺醒,非常駐,C,4440,329,274,99,15,50,15,0,
16921,unit_icon_0047_3_3.png,Imperfect Samurai,,水,攻擊,4,未覺醒,非常駐,C,4440,329,274,102,15,50,15,0,
13322,unit_icon_0034_3_3.png,Imperfect Succubus,,火,攻擊,4,未覺醒,非常駐,C,4770,318,253,105,15,50,15,0,
11822,unit_icon_0037_4_4.png,Imperfect Sylph,,火,攻擊,4,未覺醒,非常駐,S,5100,307,253,104,15,50,15,0,
11621,unit_icon_0037_2_4.png,Imperfect Undine,,水,支援,4,未覺醒,非常駐,A,4275,362,253,98,15,50,15,0,
14722,unit_icon_0047_0_3.png,Imperfect Vampire,,火,攻擊,4,未覺醒,非常駐,S,4605,340,242,98,15,50,15,0,
14723,unit_icon_0037_3_4.png,Imperfect Vampire,,風,攻擊,4,未覺醒,非常駐,C,4275,362,253,98,15,50,15,0,
28301,unit_icon_0118_0_1.png,Indra,,水,防禦,5,未覺醒,可召喚,B,9225,637,725,105,15,50,15,0,
28302,unit_icon_0118_0_2.png,Indra,,火,攻擊,5,未覺醒,可召喚,B,9390,736,615,105,15,50,15,0,
28303,unit_icon_0118_0_3.png,Indra,,風,攻擊,5,未覺醒,可召喚,B,9555,780,560,105,15,50,15,0,
28304,unit_icon_0118_0_4.png,Indra,,光,攻擊,5,未覺醒,可召喚,B,9390,801,549,105,15,50,15,0,
28305,unit_icon_0118_0_5.png,Indra,,暗,體力,5,未覺醒,可召喚,B,10875,670,582,105,15,50,15,0,
11701,unit_icon_0006_0_2.png,Inferno,,水,攻擊,3,未覺醒,可召喚,C,6420,725,494,97,15,50,15,0,Secret Dungeon / Water Scroll / Mystical Scroll or Crystal Summon / Unknown Scroll or Social Summon
11702,unit_icon_0006_1_2.png,Inferno,,火,攻擊,3,未覺醒,可召喚,C,6255,823,406,97,15,50,15,0,Vrofagus Ruins / Fire Scroll / Mystical Scroll or Crystal Summon / Unknown Scroll or Social Summon
11703,unit_icon_0006_2_2.png,Inferno,,風,攻擊,3,未覺醒,可召喚,C,5925,758,494,97,15,50,15,0,Secret Dungeon / Wind Scroll / Mystical Scroll or Crystal Summon / Unknown Scroll or Social Summon
11704,unit_icon_0006_3_2.png,Inferno,,光,攻擊,3,未覺醒,可召喚,C,6750,790,406,97,15,50,15,0,Scroll of Light and Darkness
11705,unit_icon_0006_4_2.png,Inferno,,暗,攻擊,3,未覺醒,可召喚,C,5595,845,428,97,15,50,15,0,Scroll of Light and Darkness
32103,unit_icon_0170_1_3.png,Inosuke Hashibira,,風,攻擊,4,未覺醒,非常駐,C,9060,703,505,103,15,50,15,0,
32113,unit_icon_0170_1_3.png,Inosuke Hashibira,,風,攻擊,4,覺醒,可召喚,B,9885,769,549,104,15,50,15,0,
32105,unit_icon_0170_1_5.png,Inosuke Hashibira,,暗,攻擊,4,未覺醒,非常駐,C,8895,703,516,103,15,50,15,0,
32115,unit_icon_0170_1_5.png,Inosuke Hashibira,嘴平伊之助,暗,攻擊,4,覺醒,可召喚,B,9555,780,560,104,15,50,15,0,
32101,unit_icon_0170_1_1.png,Inosuke Hashibira,,水,支援,5,未覺醒,非常駐,B,9885,659,659,103,15,50,15,0,
32111,unit_icon_0170_1_1.png,Inosuke Hashibira,嘴平伊之助,水,支援,5,覺醒,可召喚,B,10710,725,703,104,15,50,15,25,
32102,unit_icon_0170_1_2.png,Inosuke Hashibira,,火,攻擊,5,未覺醒,非常駐,B,9720,747,582,103,15,50,15,0,
32112,unit_icon_0170_1_2.png,Inosuke Hashibira,嘴平伊之助,火,攻擊,5,覺醒,可召喚,A,10380,823,626,104,30,50,15,0,
32104,unit_icon_0170_1_4.png,Inosuke Hashibira,,光,攻擊,5,未覺醒,非常駐,B,9060,823,549,103,15,50,15,0,
32114,unit_icon_0170_1_4.png,Inosuke Hashibira,,光,攻擊,5,覺醒,可召喚,B,9720,900,593,104,15,50,15,25,
11001,unit_icon_0003_0_3.png,Inugami,,水,防禦,3,未覺醒,可召喚,B,9555,494,516,107,15,50,15,0,Garen Forest / Water Scroll / Mystical Scroll or Crystal Summon / Unknown Scroll or Social Summon
11002,unit_icon_0003_1_3.png,Inugami,,火,攻擊,3,未覺醒,可召喚,B,8400,615,472,107,15,50,15,0,Faimon Volcano / Fire Scroll / Mystical Scroll or Crystal Summon / Unknown Scroll or Social Summon
11003,unit_icon_0003_2_3.png,Inugami,,風,防禦,3,未覺醒,可召喚,C,8235,461,637,107,15,50,15,0,Fusion / Telain Forest / Wind Scroll / Mystical Scroll or Crystal Summon / Unknown Scroll or Social Summon
11004,unit_icon_0003_3_3.png,Inugami,,光,防禦,3,未覺醒,可召喚,S,9060,439,604,107,15,50,15,0,Secret Dungeon / Scroll of Light and Darkness
11005,unit_icon_0003_4_3.png,Inugami,,暗,攻擊,3,未覺醒,可召喚,S,8235,582,516,107,15,50,15,0,Secret Dungeon / Scroll of Light and Darkness
15314,unit_icon_0020_3_1.png,Iona,,光,支援,4,覺醒,可召喚,B,12675,516,615,111,15,50,15,0,Scroll of Light and Darkness
19814,unit_icon_0036_3_4.png,Iris,,光,攻擊,4,覺醒,可召喚,B,9885,790,527,110,15,50,15,0,Scroll of Light and Darkness
16512,unit_icon_0025_1_2.png,Iron,,火,防禦,3,覺醒,可召喚,C,9390,472,714,98,15,50,15,25,Ferun Castle / Fire Scroll / Mystical Scroll or Crystal Summon / Unknown Scroll or Social Summon
16532,unit_icon_0125_3_2.png,Iron,,火,防禦,3,二次覺醒,可召喚,B,10050,549,812,98,15,50,15,25,
28611,unit_icon_0127_1_1.png,Irène,伊瑞,水,支援,5,覺醒,可召喚,A,11850,736,615,101,15,50,40,0,
19915,unit_icon_0036_4_2.png,Isabelle,,暗,攻擊,4,覺醒,可召喚,B,9390,823,527,102,30,50,15,0,Scroll of Light and Darkness
13315,unit_icon_0011_4_3.png,Isael,,暗,攻擊,4,覺醒,可召喚,B,9885,769,549,106,15,50,15,0,Scroll of Light and Darkness
10112,unit_icon_0000_1_1.png,Iselia,,火,攻擊,3,覺醒,可召喚,C,8400,725,527,102,30,50,15,0,Secret Dungeon / Fire Scroll / Mystical Scroll or Crystal Summon / Unknown Scroll or Social Summon
10132,unit_icon_0051_1_0.png,Iselia,,火,攻擊,3,二次覺醒,可召喚,B,9555,812,582,102,30,50,15,0,Secret Dungeon / Fire Scroll / Mystical Scroll or Crystal Summon / Unknown Scroll or Social Summon
20915,unit_icon_0041_4_1.png,Isillen,,暗,攻擊,4,覺醒,可召喚,B,8895,790,593,101,15,50,15,0,Scroll of Light and Darkness
20514,unit_icon_0039_3_2.png,Isis,,光,支援,5,覺醒,可召喚,B,11700,637,725,101,15,50,15,25,Scroll of Light and Darkness
20413,unit_icon_0038_2_1.png,Iunu,,風,攻擊,4,覺醒,可召喚,B,9225,736,626,101,15,50,15,0,Legendary Scroll / Wind Scroll / Mystical Scroll or Crystal Summon
13311,unit_icon_0011_0_3.png,Izaria,,水,攻擊,4,覺醒,可召喚,B,10050,747,560,106,15,50,15,0,Legendary Scroll / Water Scroll / Mystical Scroll or Crystal Summon
14515,unit_icon_0017_4_3.png,Jaara,,暗,攻擊,5,覺醒,可召喚,B,10215,1021,439,99,15,50,15,0,Scroll of Light and Darkness
20701,unit_icon_0040_0_0.png,Jack-o'-lantern,,水,攻擊,4,未覺醒,可召喚,A,8730,637,593,100,15,50,15,0,Guild Shop / Legendary Scroll / Water Scroll / Mystical Scroll or Crystal Summon
20702,unit_icon_0040_1_0.png,Jack-o'-lantern,,火,攻擊,4,未覺醒,可召喚,C,8895,659,560,100,15,50,15,0,Guild Shop / Legendary Scroll / Fire Scroll / Mystical Scroll or Crystal Summon
20703,unit_icon_0040_2_0.png,Jack-o'-lantern,,風,支援,4,未覺醒,可召喚,C,9225,604,593,100,15,50,15,0,Guild Shop / Legendary Scroll / Wind Scroll / Mystical Scroll or Crystal Summon
20704,unit_icon_0040_3_0.png,Jack-o'-lantern,,光,攻擊,4,未覺醒,可召喚,B,9060,626,582,100,15,50,15,0,Scroll of Light and Darkness
20705,unit_icon_0040_4_0.png,Jack-o'-lantern,,暗,攻擊,4,未覺醒,可召喚,C,8565,692,549,100,15,50,15,0,Scroll of Light and Darkness
20215,unit_icon_0037_4_3.png,Jackie,,暗,防禦,3,覺醒,可召喚,C,8400,538,714,99,30,50,15,0,Scroll of Light and Darkness
25315,unit_icon_0076_1_5.png,Jackson,,暗,支援,5,覺醒,可召喚,B,11205,681,714,105,15,50,15,25,
26913,unit_icon_0097_1_3.png,Jade,潔德,風,防禦,5,覺醒,可召喚,B,9885,648,834,101,15,50,40,0,
29115,unit_icon_0136_1_5.png,Jaduel and Aepiah,賈德爾與阿皮亞,暗,支援,5,覺醒,可召喚,B,11370,725,659,102,15,50,15,25,
16614,unit_icon_0025_3_0.png,Jager,耶格,光,體力,5,覺醒,可召喚,S,12675,670,626,100,30,50,15,0,Scroll of Light and Darkness
15615,unit_icon_0021_4_2.png,Jamie,,暗,攻擊,3,覺醒,可召喚,C,8400,703,549,110,15,50,15,0,Scroll of Light and Darkness
14413,unit_icon_0016_2_0.png,Jamire,,風,支援,5,覺醒,可召喚,A,10710,714,714,113,15,50,15,0,Legendary Scroll / Wind Scroll / Mystical Scroll or Crystal Summon
14815,unit_icon_0017_4_1.png,Janssen,,暗,體力,3,覺醒,可召喚,C,11700,483,549,97,15,50,15,0,Secret Dungeon / Scroll of Light and Darkness
14814,unit_icon_0017_3_1.png,Jansson,,光,防禦,2,覺醒,可召喚,D,8400,472,615,97,15,50,15,0,Secret Dungeon
24813,unit_icon_0064_1_3.png,Jarrett,,風,攻擊,4,覺醒,可召喚,B,9060,769,604,101,15,50,15,0,Legendary Scroll / Wind Scroll / Mystical Scroll or Crystal Summon
27014,unit_icon_0100_1_4.png,Jasmine,,光,攻擊,4,覺醒,可召喚,B,9720,790,538,101,15,50,15,25,
14112,unit_icon_0015_1_3.png,Jean,,火,攻擊,4,覺醒,可召喚,B,9060,889,483,105,15,50,15,0,Legendary Scroll / Fire Scroll / Mystical Scroll or Crystal Summon
21814,unit_icon_0044_3_4.png,Jeanne,,光,體力,5,覺醒,可召喚,B,12180,615,714,102,15,50,15,0,Fusion
23712,unit_icon_0056_1_2.png,Jeogun,赤雲,火,支援,5,覺醒,可召喚,A,10710,758,670,102,15,50,15,25,Legendary Scroll / Fire Scroll / Mystical Scroll or Crystal Summon
28911,unit_icon_0133_1_1.png,Jeongnam,正南,水,體力,5,覺醒,可召喚,B,12180,736,593,111,15,50,15,0,
28614,unit_icon_0127_1_4.png,Jessica,,光,防禦,5,覺醒,可召喚,B,10050,725,747,101,15,50,15,25,
33111,unit_icon_0187_1_1.png,Jin Kazama,,水,攻擊,4,覺醒,可召喚,B,9720,725,604,103,15,50,15,0,
33114,unit_icon_0187_1_4.png,Jin Kazama,,光,支援,4,覺醒,可召喚,B,10215,659,637,103,15,50,15,0,
33112,unit_icon_0187_1_2.png,Jin Kazama,風間 仁,火,體力,5,覺醒,可召喚,B,11700,714,648,103,15,50,15,25,
33113,unit_icon_0187_1_3.png,Jin Kazama,,風,攻擊,5,覺醒,可召喚,B,10050,856,615,103,15,50,15,25,
33115,unit_icon_0187_1_5.png,Jin Kazama,,暗,攻擊,5,覺醒,可召喚,B,10215,834,626,103,30,50,15,0,
29811,unit_icon_0152_1_1.png,Johanna,,水,攻擊,5,覺醒,可召喚,B,10710,823,604,103,15,50,15,25,
25312,unit_icon_0076_1_2.png,John,,火,攻擊,5,覺醒,可召喚,B,10050,845,626,105,15,50,15,25,
13412,unit_icon_0011_1_2.png,Jojo,,火,防禦,4,覺醒,可召喚,B,9555,659,681,103,15,50,15,0,Fusion / Legendary Scroll / Fire Scroll / Mystical Scroll or Crystal Summon
13401,unit_icon_0016_0_3.png,Joker,,水,攻擊,4,未覺醒,可召喚,C,9555,769,406,102,15,50,15,0,Legendary Scroll / Water Scroll / Mystical Scroll or Crystal Summon
13402,unit_icon_0016_1_3.png,Joker,,火,防禦,4,未覺醒,可召喚,C,8400,615,637,102,15,50,15,0,Fusion / Legendary Scroll / Fire Scroll / Mystical Scroll or Crystal Summon
13403,unit_icon_0016_2_3.png,Joker,,風,攻擊,4,未覺醒,可召喚,S,8730,812,417,102,15,50,15,0,Legendary Scroll / Wind Scroll / Mystical Scroll or Crystal Summon
13404,unit_icon_0016_3_3.png,Joker,,光,體力,4,未覺醒,可召喚,B,11040,549,527,102,15,50,15,0,Scroll of Light and Darkness
13405,unit_icon_0016_4_3.png,Joker,,暗,攻擊,4,未覺醒,可召喚,C,9060,780,428,102,15,50,15,0,Scroll of Light and Darkness
21811,unit_icon_0044_0_4.png,Josephine,喬瑟芬,水,體力,5,覺醒,可召喚,S,12345,659,659,102,15,50,15,0,Legendary Scroll / Water Scroll / Mystical Scroll or Crystal Summon
15215,unit_icon_0021_4_0.png,Jubelle,,暗,防禦,3,覺醒,可召喚,C,9885,494,659,113,15,50,15,0,Secret Dungeon / Scroll of Light and Darkness
15235,unit_icon_0082_3_5.png,Jubelle,,暗,防禦,3,二次覺醒,可召喚,B,10875,582,725,113,15,50,15,0,
14714,unit_icon_0016_3_2.png,Julianne,朱麗安,光,攻擊,5,覺醒,可召喚,B,12345,823,494,99,15,50,15,0,Scroll of Light and Darkness
13911,unit_icon_0014_0_4.png,Julie,,水,攻擊,4,覺醒,可召喚,B,10545,834,439,103,15,50,15,0,Guild Shop / Legendary Scroll / Water Scroll / Mystical Scroll or Crystal Summon
14113,unit_icon_0015_2_3.png,Julien,,風,攻擊,4,覺醒,可召喚,B,7740,944,516,105,15,50,15,0,Legendary Scroll / Wind Scroll / Mystical Scroll or Crystal Summon
14015,unit_icon_0015_4_1.png,Jultan,,暗,體力,3,覺醒,可召喚,B,11370,560,494,115,15,50,15,0,Scroll of Light and Darkness
14035,unit_icon_0053_4_1.png,Jultan,,暗,體力,3,二次覺醒,可召喚,B,11850,648,593,115,15,50,15,0,Scroll of Light and Darkness
12015,unit_icon_0007_4_4.png,Jumaline,,暗,攻擊,3,覺醒,可召喚,C,7245,867,461,104,15,50,15,0,Scroll of Light and Darkness
12035,unit_icon_0074_3_5.png,Jumaline,,暗,攻擊,3,二次覺醒,可召喚,B,8895,900,538,104,15,50,15,0,
16912,unit_icon_0026_1_1.png,Jun,,火,攻擊,4,覺醒,可召喚,B,8400,878,538,103,30,50,15,0,Legendary Scroll / Fire Scroll / Mystical Scroll or Crystal Summon
15712,unit_icon_0022_1_1.png,Juno,朱諾,火,支援,5,覺醒,可召喚,S,11370,703,681,100,15,50,15,25,Legendary Scroll / Fire Scroll / Mystical Scroll or Crystal Summon
34201,unit_icon_0202_0_1.png,Justice,,水,支援,5,未覺醒,可召喚,B,10875,560,692,102,15,50,15,0,
34202,unit_icon_0202_0_2.png,Justice,,火,支援,5,未覺醒,可召喚,B,10545,637,637,102,15,50,15,0,
34203,unit_icon_0202_0_3.png,Justice,,風,攻擊,5,未覺醒,可召喚,B,9555,725,615,102,15,50,15,0,
34204,unit_icon_0202_0_4.png,Justice,,光,支援,5,未覺醒,可召喚,B,10050,659,648,102,15,50,15,0,
34205,unit_icon_0202_0_5.png,Justice,,暗,攻擊,5,未覺醒,可召喚,B,9060,714,659,102,15,50,15,0,
30011,unit_icon_0146_1_1.png,K1D,,水,支援,5,覺醒,可召喚,B,11535,703,670,100,15,50,15,25,
10514,unit_icon_0001_3_4.png,Kabilla,,光,攻擊,3,覺醒,可召喚,C,7410,780,538,120,15,50,15,0,Scroll of Light and Darkness
10311,unit_icon_0001_0_0.png,Kacey,,水,支援,2,覺醒,可召喚,D,9225,549,483,111,15,50,15,0,Magic Shop / Secret Dungeon / Unknown Scroll or Social Summon
10331,unit_icon_0051_0_1.png,Kacey,,水,支援,2,二次覺醒,可召喚,D,10545,703,626,111,15,50,15,0,Magic Shop / Secret Dungeon / Unknown Scroll or Social Summon
12012,unit_icon_0007_1_4.png,Kahli,,火,攻擊,3,覺醒,可召喚,C,6255,878,516,102,15,50,15,0,Vrofagus Ruins / Fire Scroll / Mystical Scroll or Crystal Summon / Unknown Scroll or Social Summon
12032,unit_icon_0074_3_2.png,Kahli,,火,攻擊,3,二次覺醒,可召喚,B,8235,911,571,102,15,50,15,0,
11511,unit_icon_0005_0_4.png,Kahn,,水,體力,3,覺醒,可召喚,B,12840,351,604,111,15,50,15,0,Secret Dungeon / Water Scroll / Mystical Scroll or Crystal Summon / Unknown Scroll or Social Summon
11531,unit_icon_0055_0_0.png,Kahn,,水,體力,3,二次覺醒,可召喚,B,13170,494,659,111,15,50,15,0,Secret Dungeon / Water Scroll / Mystical Scroll or Crystal Summon / Unknown Scroll or Social Summon
33601,unit_icon_0200_1_1.png,Kai,,水,攻擊,4,未覺醒,非常駐,C,9060,648,560,102,15,50,15,0,
33611,unit_icon_0200_1_1.png,Kai,,水,攻擊,4,覺醒,可召喚,B,9720,725,604,103,15,50,15,0,
33604,unit_icon_0200_1_4.png,Kai,,光,支援,4,未覺醒,非常駐,C,9225,604,593,102,15,50,15,0,
33614,unit_icon_0200_1_4.png,Kai,,光,支援,4,覺醒,可召喚,B,10215,659,637,103,15,50,15,0,
33602,unit_icon_0200_1_2.png,Kai,,火,體力,5,未覺醒,非常駐,B,10545,670,604,102,15,50,15,0,
33612,unit_icon_0200_1_2.png,Kai,,火,體力,5,覺醒,可召喚,B,11700,714,648,103,15,50,15,25,
33603,unit_icon_0200_1_3.png,Kai,,風,攻擊,5,未覺醒,非常駐,B,9390,780,571,102,15,50,15,0,
33613,unit_icon_0200_1_3.png,Kai,,風,攻擊,5,覺醒,可召喚,B,10050,856,615,103,15,50,15,25,
33605,unit_icon_0200_1_5.png,Kai,,暗,攻擊,5,未覺醒,非常駐,B,9555,747,593,102,15,50,15,0,
33615,unit_icon_0200_1_5.png,Kai,,暗,攻擊,5,覺醒,可召喚,B,10215,834,626,103,30,50,15,0,
15212,unit_icon_0021_1_0.png,Kai'en,,火,防禦,3,覺醒,可召喚,C,10215,516,615,98,15,50,15,0,Secret Dungeon / Fire Scroll / Mystical Scroll or Crystal Summon / Unknown Scroll or Social Summon
15232,unit_icon_0082_3_2.png,Kai'en,,火,防禦,3,二次覺醒,可召喚,B,11040,549,747,98,15,50,15,0,
11111,unit_icon_0004_0_1.png,Kaimann,,水,防禦,2,覺醒,可召喚,D,7410,494,659,99,15,50,15,0,Magic Shop / Secret Dungeon / Unknown Scroll or Social Summon
16913,unit_icon_0026_2_1.png,Kaito,,風,攻擊,4,覺醒,可召喚,B,9060,867,505,103,15,50,15,25,Legendary Scroll / Wind Scroll / Mystical Scroll or Crystal Summon
25112,unit_icon_0073_1_2.png,Kaki,,火,攻擊,4,覺醒,可召喚,B,8400,812,604,115,15,50,15,0,Legendary Scroll / Fire Scroll / Mystical Scroll or Crystal Summon
28111,unit_icon_0116_1_1.png,Kalantatze,,水,支援,4,覺醒,可召喚,B,10380,670,615,100,15,50,15,0,
17715,unit_icon_0027_4_4.png,Kamatau,,暗,體力,3,覺醒,可召喚,C,10050,593,549,99,15,50,15,0,Scroll of Light and Darkness
11215,unit_icon_0004_4_3.png,Kamiya,,暗,攻擊,4,覺醒,可召喚,B,8895,900,483,102,15,50,15,0,Scroll of Light and Darkness
20315,unit_icon_0038_4_3.png,Karakum,,暗,體力,3,覺醒,可召喚,C,10380,571,549,97,15,50,15,0,Scroll of Light and Darkness
20015,unit_icon_0036_4_0.png,Karl,,暗,攻擊,4,覺醒,可召喚,B,9555,801,538,107,15,50,15,0,Scroll of Light and Darkness
24712,unit_icon_0068_1_2.png,Karnal,卡納利,火,體力,5,覺醒,可召喚,B,13170,615,648,101,15,50,15,25,Legendary Scroll / Fire Scroll / Mystical Scroll or Crystal Summon
29112,unit_icon_0136_1_2.png,Karuel and Lanoah,卡雷爾與拉諾亞,火,支援,5,覺醒,可召喚,B,10215,769,692,102,30,50,15,0,
24513,unit_icon_0066_1_3.png,Kashmir,,風,攻擊,5,覺醒,可召喚,B,10215,845,615,103,30,50,15,0,Legendary Scroll / Wind Scroll / Mystical Scroll or Crystal Summon
27611,unit_icon_0108_1_1.png,Kassandra,,水,支援,4,覺醒,可召喚,B,10380,670,615,100,15,50,15,0,
27614,unit_icon_0108_1_4.png,Kassandra,,光,支援,4,覺醒,可召喚,B,9885,703,615,100,15,50,15,0,
27612,unit_icon_0108_1_2.png,Kassandra,卡珊卓,火,攻擊,5,覺醒,可召喚,A,9885,878,604,100,30,50,15,0,
27613,unit_icon_0108_1_3.png,Kassandra,,風,攻擊,5,覺醒,可召喚,B,9720,867,626,100,15,50,15,25,
27615,unit_icon_0108_1_5.png,Kassandra,卡珊卓,暗,攻擊,5,覺醒,可召喚,A,9720,889,604,100,30,50,15,0,
13813,unit_icon_0014_2_2.png,Katarina,,風,攻擊,5,覺醒,可召喚,A,11205,801,593,116,15,50,15,0,Fusion
16911,unit_icon_0026_0_1.png,Kaz,,水,攻擊,4,覺醒,可召喚,B,8565,856,549,103,15,50,15,25,Fusion / Legendary Scroll / Water Scroll / Mystical Scroll or Crystal Summon
24112,unit_icon_0060_1_2.png,KEN,,火,攻擊,5,覺醒,可召喚,B,10050,834,637,103,15,50,15,25,
17811,unit_icon_0028_0_2.png,Kernodon,,水,防禦,3,覺醒,可召喚,C,8565,571,670,103,15,50,15,25,Mt. Runar / Water Scroll / Mystical Scroll or Crystal Summon / Unknown Scroll or Social Summon
20412,unit_icon_0038_1_1.png,Khmun,,火,支援,4,覺醒,可召喚,B,10710,615,648,101,15,50,15,0,Legendary Scroll / Fire Scroll / Mystical Scroll or Crystal Summon
28115,unit_icon_0116_1_5.png,Kiara,,暗,攻擊,5,覺醒,可召喚,B,9720,889,604,100,30,50,15,0,
25215,unit_icon_0075_1_5.png,Kiki,,暗,支援,5,覺醒,可召喚,B,11205,747,648,101,15,50,15,25,
18201,unit_icon_0030_0_1.png,King Angelmon,,水,素材,1,未覺醒,可召喚,D,165,11,11,0,0,0,0,0,In-App Purchase / World Boss
18202,unit_icon_0030_1_1.png,King Angelmon,,火,素材,1,未覺醒,可召喚,D,165,11,11,0,0,0,0,0,In-App Purchase / World Boss
18203,unit_icon_0030_2_1.png,King Angelmon,,風,素材,1,未覺醒,可召喚,D,165,11,11,0,0,0,0,0,In-App Purchase / World Boss
18204,unit_icon_0030_3_1.png,King Angelmon,,光,素材,1,未覺醒,可召喚,D,165,11,11,0,0,0,0,0,In-App Purchase / World Boss
18205,unit_icon_0030_4_1.png,King Angelmon,,暗,素材,1,未覺醒,可召喚,D,165,11,11,0,0,0,0,0,In-App Purchase / World Boss
25114,unit_icon_0073_1_4.png,Kinki,,光,體力,4,覺醒,可召喚,B,11040,714,527,100,15,50,40,0,Scroll of Light and Darkness
18101,unit_icon_0029_0_0.png,Kobold Bomber,,水,攻擊,4,未覺醒,可召喚,C,8235,714,549,100,15,50,15,0,Legendary Scroll / Water Scroll / Mystical Scroll or Crystal Summon
18102,unit_icon_0029_1_0.png,Kobold Bomber,,火,攻擊,4,未覺醒,可召喚,C,8565,670,571,100,15,50,15,0,Legendary Scroll / Fire Scroll / Mystical Scroll or Crystal Summon
18103,unit_icon_0029_2_0.png,Kobold Bomber,,風,攻擊,4,未覺醒,可召喚,C,9060,670,538,100,15,50,15,0,Legendary Scroll / Wind Scroll / Mystical Scroll or Crystal Summon
18104,unit_icon_0029_3_0.png,Kobold Bomber,,光,攻擊,4,未覺醒,可召喚,C,8070,692,582,100,15,50,15,0,Scroll of Light and Darkness
18105,unit_icon_0029_4_0.png,Kobold Bomber,,暗,攻擊,4,未覺醒,可召喚,C,8400,703,549,100,15,50,15,0,Scroll of Light and Darkness
10911,unit_icon_0003_0_2.png,Konamiya,,水,支援,2,覺醒,可召喚,S,11700,384,483,91,15,50,15,0,Magic Shop / Secret Dungeon / Unknown Scroll or Social Summon
18015,unit_icon_0028_4_4.png,Korona,,暗,支援,4,覺醒,可召喚,B,10050,681,626,106,15,50,15,0,Scroll of Light and Darkness
27214,unit_icon_0106_1_4.png,Kovarci,克巴洛西,光,支援,5,覺醒,可召喚,A,11535,648,725,100,15,50,40,0,
11112,unit_icon_0004_1_1.png,Krakdon,,火,防禦,3,覺醒,可召喚,C,8235,615,648,99,15,50,15,0,Faimon Volcano / Fire Scroll / Mystical Scroll or Crystal Summon / Unknown Scroll or Social Summon
11015,unit_icon_0003_4_4.png,Kro,,暗,攻擊,3,覺醒,可召喚,S,9060,626,582,108,15,50,15,0,Secret Dungeon / Scroll of Light and Darkness
11035,unit_icon_0051_4_3.png,Kro,,暗,攻擊,3,二次覺醒,可召喚,S,9555,769,626,108,15,50,15,0,Secret Dungeon / Scroll of Light and Darkness
21015,unit_icon_0041_4_2.png,Kroa,,暗,支援,3,覺醒,可召喚,B,9390,560,626,120,15,50,15,0,Scroll of Light and Darkness
11412,unit_icon_0005_1_2.png,Kugo,,火,防禦,3,覺醒,可召喚,C,10545,384,725,89,15,50,15,25,Mt. Siz / Fire Scroll / Mystical Scroll or Crystal Summon / Unknown Scroll or Social Summon
11411,unit_icon_0005_0_2.png,Kuhn,,水,防禦,3,覺醒,可召喚,C,10710,351,747,87,15,50,40,0,Secret Dungeon / Water Scroll / Mystical Scroll or Crystal Summon / Unknown Scroll or Social Summon
10415,unit_icon_0001_4_2.png,Kumae,,暗,體力,3,覺醒,可召喚,C,11205,494,571,101,15,50,15,0,Secret Dungeon / Scroll of Light and Darkness
17412,unit_icon_0027_1_1.png,Kumar,,火,體力,5,覺醒,可召喚,B,13005,593,681,101,15,50,15,0,Legendary Scroll / Fire Scroll / Mystical Scroll or Crystal Summon
18715,unit_icon_0031_4_3.png,Kuna,,暗,體力,3,覺醒,可召喚,C,10050,626,516,105,15,50,15,0,Scroll of Light and Darkness
10411,unit_icon_0001_0_2.png,Kunda,,水,防禦,2,覺醒,可召喚,D,10215,395,571,101,15,50,15,0,Mt. White Ragon / Magic Shop / Unknown Scroll or Social Summon
17301,unit_icon_0026_0_4.png,Kung Fu Girl,,水,攻擊,4,未覺醒,可召喚,C,8235,604,659,101,15,50,15,0,Guild Shop / Legendary Scroll / Water Scroll / Mystical Scroll or Crystal Summon
17302,unit_icon_0026_1_4.png,Kung Fu Girl,,火,體力,4,未覺醒,可召喚,C,10215,593,538,101,15,50,15,0,Guild Shop / Legendary Scroll / Fire Scroll / Mystical Scroll or Crystal Summon
17303,unit_icon_0026_2_4.png,Kung Fu Girl,,風,攻擊,4,未覺醒,可召喚,C,8565,626,615,101,15,50,15,0,Fusion / Legendary Scroll / Wind Scroll / Mystical Scroll or Crystal Summon
17304,unit_icon_0026_3_4.png,Kung Fu Girl,,光,體力,4,未覺醒,可召喚,C,9060,604,604,101,15,50,15,0,Scroll of Light and Darkness
17305,unit_icon_0026_4_4.png,Kung Fu Girl,,暗,攻擊,4,未覺醒,可召喚,C,8895,648,571,101,15,50,15,0,Scroll of Light and Darkness
13712,unit_icon_0014_1_0.png,Kungen,,火,體力,3,覺醒,可召喚,B,12345,384,604,101,15,50,15,0,Secret Dungeon / Fire Scroll / Mystical Scroll or Crystal Summon / Unknown Scroll or Social Summon
23312,unit_icon_0052_1_2.png,Kunite,,火,防禦,4,覺醒,可召喚,B,10050,483,823,93,15,50,15,0,Legendary Scroll / Fire Scroll / Mystical Scroll or Crystal Summon
24811,unit_icon_0064_1_1.png,Kyle,,水,攻擊,4,覺醒,可召喚,B,9555,747,593,101,15,50,15,0,Legendary Scroll / Water Scroll / Mystical Scroll or Crystal Summon
14613,unit_icon_0017_2_2.png,Lagmaron,,風,攻擊,5,覺醒,可召喚,B,11535,801,571,110,15,50,15,0,Legendary Scroll / Wind Scroll / Mystical Scroll or Crystal Summon
16612,unit_icon_0025_1_0.png,Laika,萊卡,火,攻擊,5,覺醒,可召喚,S,11040,834,571,100,15,50,15,0,Legendary Scroll / Fire Scroll / Mystical Scroll or Crystal Summon
15714,unit_icon_0022_3_1.png,Laima,萊瑪,光,支援,5,覺醒,可召喚,S,12015,714,626,100,15,50,15,0,Scroll of Light and Darkness
13212,unit_icon_0013_1_1.png,Lala,,火,支援,2,覺醒,可召喚,D,8235,549,549,99,15,50,15,0,Magic Shop / Secret Dungeon / Unknown Scroll or Social Summon
13232,unit_icon_0070_3_1.png,Lala and Friends,,火,支援,2,二次覺醒,可召喚,D,9885,703,670,99,15,50,15,0,Magic Shop / Secret Dungeon / Unknown Scroll or Social Summon
31311,unit_icon_0175_1_1.png,Lamiella,拉米埃拉,水,支援,5,覺醒,可召喚,A,11370,692,692,100,15,50,15,25,
12812,unit_icon_0011_1_1.png,Lamor,,火,支援,1,覺醒,可召喚,D,7245,538,461,100,15,50,15,0,Vrofagus Ruins / Magic Shop / Unknown Scroll or Social Summon
19815,unit_icon_0036_4_4.png,Lanett,,暗,防禦,4,覺醒,可召喚,B,10050,615,692,95,15,50,15,0,Scroll of Light and Darkness
19811,unit_icon_0036_0_4.png,Lapis,,水,攻擊,4,覺醒,可召喚,B,9885,736,582,95,15,50,15,0,Legendary Scroll / Water Scroll / Mystical Scroll or Crystal Summon
24911,unit_icon_0065_1_1.png,Lariel,,水,攻擊,4,覺醒,可召喚,B,9885,790,527,105,15,50,15,25,Legendary Scroll / Water Scroll / Mystical Scroll or Crystal Summon
29614,unit_icon_0150_1_4.png,Lars,,光,攻擊,5,覺醒,可召喚,B,10380,834,615,100,30,50,15,0,
27015,unit_icon_0100_1_5.png,Lavender,,暗,攻擊,4,覺醒,可召喚,B,9225,801,560,101,30,50,15,0,
28613,unit_icon_0127_1_3.png,Layla,莱拉,風,支援,5,覺醒,可召喚,S,10875,801,615,101,15,50,15,25,
24914,unit_icon_0065_1_4.png,Leah,,光,攻擊,4,覺醒,可召喚,B,10050,769,538,120,15,50,15,0,Scroll of Light and Darkness
34701,unit_icon_0205_1_1.png,Legolas,,水,攻擊,4,未覺醒,非常駐,C,8895,692,527,103,15,50,15,0,
34711,unit_icon_0205_1_1.png,Legolas,,水,攻擊,4,覺醒,可召喚,B,9555,769,571,104,15,50,15,0,
34705,unit_icon_0205_1_5.png,Legolas,,暗,攻擊,4,未覺醒,非常駐,C,9225,670,527,103,15,50,15,0,
34715,unit_icon_0205_1_5.png,Legolas,,暗,攻擊,4,覺醒,可召喚,B,9885,747,571,104,15,50,15,0,
34702,unit_icon_0205_1_2.png,Legolas,,火,攻擊,5,未覺醒,非常駐,B,9555,769,571,103,15,50,15,0,
34712,unit_icon_0205_1_2.png,Legolas,,火,攻擊,5,覺醒,可召喚,B,10215,856,604,104,15,50,15,25,
34703,unit_icon_0205_1_3.png,Legolas,,風,攻擊,5,未覺醒,非常駐,B,9060,812,560,103,15,50,15,0,
34713,unit_icon_0205_1_3.png,Legolas,,風,攻擊,5,覺醒,可召喚,B,9720,900,593,104,30,50,15,0,
34704,unit_icon_0205_1_4.png,Legolas,,光,攻擊,5,未覺醒,非常駐,B,9390,725,626,103,15,50,15,0,
34714,unit_icon_0205_1_4.png,Legolas,,光,攻擊,5,覺醒,可召喚,B,10050,801,670,104,15,50,15,25,
16613,unit_icon_0025_2_0.png,Leo,雷奧,風,支援,5,覺醒,可召喚,S,11850,714,637,100,15,50,40,0,Legendary Scroll / Wind Scroll / Mystical Scroll or Crystal Summon
21815,unit_icon_0044_4_4.png,Leona,,暗,防禦,5,覺醒,可召喚,B,10710,626,801,102,15,50,15,0,Scroll of Light and Darkness
19912,unit_icon_0036_1_2.png,Lexy,,火,攻擊,4,覺醒,可召喚,B,8895,801,582,117,15,50,15,0,Legendary Scroll / Fire Scroll / Mystical Scroll or Crystal Summon
25711,unit_icon_0080_1_1.png,Liam,,水,攻擊,5,覺醒,可召喚,B,9390,900,615,102,30,50,15,0,
16301,unit_icon_0024_0_0.png,Lich,,水,支援,4,未覺醒,可召喚,C,9885,582,582,95,15,50,15,0,Legendary Scroll / Water Scroll / Mystical Scroll or Crystal Summon
16302,unit_icon_0024_1_0.png,Lich,,火,攻擊,4,未覺醒,可召喚,C,8730,714,516,95,15,50,15,0,Legendary Scroll / Fire Scroll / Mystical Scroll or Crystal Summon
16303,unit_icon_0024_2_0.png,Lich,,風,體力,4,未覺醒,可召喚,C,9885,637,516,95,15,50,15,0,Legendary Scroll / Wind Scroll / Mystical Scroll or Crystal Summon
16304,unit_icon_0024_3_0.png,Lich,,光,防禦,4,未覺醒,可召喚,C,8895,593,626,95,15,50,15,0,Scroll of Light and Darkness
16305,unit_icon_0024_4_0.png,Lich,,暗,體力,4,未覺醒,可召喚,C,10215,571,560,95,15,50,15,0,Scroll of Light and Darkness
13415,unit_icon_0011_4_2.png,Liebli,,暗,攻擊,4,覺醒,可召喚,B,8235,878,549,103,15,50,15,0,Scroll of Light and Darkness
14711,unit_icon_0016_0_2.png,Liesel,,水,體力,4,覺醒,可召喚,B,11535,670,538,99,15,50,15,0,Guild Shop / Legendary Scroll / Water Scroll / Mystical Scroll or Crystal Summon
22601,unit_icon_0047_0_1.png,Lightning Emperor,,水,體力,5,未覺醒,可召喚,A,10710,692,571,101,15,50,15,0,Legendary Scroll / Water Scroll / Mystical Scroll or Crystal Summon
22602,unit_icon_0047_1_1.png,Lightning Emperor,,火,攻擊,5,未覺醒,可召喚,B,9720,703,626,101,15,50,15,0,Fusion
22603,unit_icon_0047_2_1.png,Lightning Emperor,,風,攻擊,5,未覺醒,可召喚,B,9390,659,692,101,15,50,15,0,Legendary Scroll / Wind Scroll / Mystical Scroll or Crystal Summon
22604,unit_icon_0047_3_1.png,Lightning Emperor,,光,體力,5,未覺醒,可召喚,B,10380,648,637,101,15,50,15,0,Scroll of Light and Darkness
22605,unit_icon_0047_4_1.png,Lightning Emperor,,暗,攻擊,5,未覺醒,可召喚,B,8895,747,637,101,15,50,15,0,Scroll of Light and Darkness
28615,unit_icon_0127_1_5.png,Liliana,,暗,攻擊,5,覺醒,可召喚,B,10710,878,549,101,30,50,15,0,
15914,unit_icon_0023_3_3.png,Linda,,光,攻擊,3,覺醒,可召喚,C,8895,714,505,97,15,50,15,0,Scroll of Light and Darkness
15934,unit_icon_0083_3_4.png,Linda,,光,攻擊,3,二次覺醒,可召喚,B,9885,845,527,97,15,50,15,0,
10913,unit_icon_0003_2_2.png,Lindermen,,風,支援,2,覺醒,可召喚,D,7905,483,637,91,15,50,15,0,Mt. White Ragon / Magic Shop / Unknown Scroll or Social Summon
17313,unit_icon_0008_2_4.png,Ling Ling,,風,攻擊,4,覺醒,可召喚,B,8895,758,626,102,15,50,15,0,Fusion / Legendary Scroll / Wind Scroll / Mystical Scroll or Crystal Summon
27911,unit_icon_0114_1_1.png,Lionel,,水,攻擊,5,覺醒,可召喚,B,9720,911,582,113,15,50,15,0,
20112,unit_icon_0037_1_1.png,Lisa,,火,支援,4,覺醒,可召喚,B,11535,714,494,104,15,50,15,0,Legendary Scroll / Fire Scroll / Mystical Scroll or Crystal Summon
17314,unit_icon_0008_3_4.png,Liu Mei,,光,體力,4,覺醒,可召喚,B,10710,626,637,102,15,50,15,0,Scroll of Light and Darkness
16501,unit_icon_0025_0_1.png,Living Armor,,水,防禦,3,未覺醒,可召喚,C,8235,516,582,97,15,50,15,0,Water Scroll / Mystical Scroll or Crystal Summon / Unknown Scroll or Social Summon
16502,unit_icon_0025_1_1.png,Living Armor,,火,防禦,3,未覺醒,可召喚,C,8565,472,604,97,15,50,15,0,Ferun Castle / Fire Scroll / Mystical Scroll or Crystal Summon / Unknown Scroll or Social Summon
16503,unit_icon_0025_2_1.png,Living Armor,,風,防禦,3,未覺醒,可召喚,C,8895,483,571,97,15,50,15,0,Wind Scroll / Mystical Scroll or Crystal Summon / Unknown Scroll or Social Summon
16504,unit_icon_0025_3_1.png,Living Armor,,光,防禦,3,未覺醒,可召喚,C,9060,450,593,97,15,50,15,0,Scroll of Light and Darkness
16505,unit_icon_0025_4_1.png,Living Armor,,暗,防禦,3,未覺醒,可召喚,C,8730,494,571,97,15,50,15,0,Scroll of Light and Darkness
17801,unit_icon_0028_0_1.png,Lizardman,,水,防禦,3,未覺醒,可召喚,C,7740,527,604,102,15,50,15,0,Fusion / Mt. Runar / Water Scroll / Mystical Scroll or Crystal Summon / Unknown Scroll or Social Summon
17802,unit_icon_0028_1_1.png,Lizardman,,火,防禦,3,未覺醒,可召喚,C,8070,538,571,102,15,50,15,0,Fire Scroll / Mystical Scroll or Crystal Summon / Unknown Scroll or Social Summon
17803,unit_icon_0028_2_1.png,Lizardman,,風,防禦,3,未覺醒,可召喚,C,7905,560,560,102,15,50,15,0,Secret Dungeon / Wind Scroll / Mystical Scroll or Crystal Summon / Unknown Scroll or Social Summon
17804,unit_icon_0028_3_1.png,Lizardman,,光,防禦,3,未覺醒,可召喚,C,8235,549,549,102,15,50,15,0,Scroll of Light and Darkness
17805,unit_icon_0028_4_1.png,Lizardman,,暗,防禦,3,未覺醒,可召喚,C,8400,516,571,102,15,50,15,0,Scroll of Light and Darkness
20213,unit_icon_0037_2_3.png,Lo,,風,攻擊,3,覺醒,可召喚,B,9390,659,527,114,15,50,15,0,Wind Scroll / Mystical Scroll or Crystal Summon / Unknown Scroll or Social Summon
35401,unit_icon_0217_1_1.png,Lob Ear,,水,攻擊,4,未覺醒,非常駐,C,9060,659,549,104,15,50,15,0,
35411,unit_icon_0217_1_1.png,Lob Ear,,水,攻擊,4,覺醒,可召喚,B,9885,736,582,105,30,50,15,0,
35402,unit_icon_0217_1_2.png,Lob Ear,,火,攻擊,4,未覺醒,非常駐,C,9225,659,538,104,15,50,15,0,
35412,unit_icon_0217_1_2.png,Lob Ear,,火,攻擊,4,覺醒,可召喚,B,10215,725,571,105,15,50,15,25,
35403,unit_icon_0217_1_3.png,Lob Ear,,風,攻擊,4,未覺醒,非常駐,C,9060,681,527,104,15,50,15,0,
35413,unit_icon_0217_1_3.png,Lob Ear,,風,攻擊,4,覺醒,可召喚,B,9720,747,582,105,15,50,15,25,
35404,unit_icon_0217_1_4.png,Lob Ear,,光,攻擊,4,未覺醒,非常駐,C,9555,648,527,104,15,50,15,0,
35414,unit_icon_0217_1_4.png,Lob Ear,,光,攻擊,4,覺醒,可召喚,B,10215,714,582,105,15,50,15,25,
35405,unit_icon_0217_1_5.png,Lob Ear,,暗,攻擊,4,未覺醒,非常駐,C,8565,714,527,104,15,50,15,0,
35415,unit_icon_0217_1_5.png,Lob Ear,,暗,攻擊,4,覺醒,可召喚,B,9390,790,560,105,30,50,15,0,
20013,unit_icon_0036_2_0.png,Logan,,風,攻擊,4,覺醒,可召喚,B,9720,725,604,107,15,50,15,0,Legendary Scroll / Wind Scroll / Mystical Scroll or Crystal Summon
26703,unit_icon_0096_0_3.png,Lollipop Warrior,,風,攻擊,5,未覺醒,可召喚,B,8895,758,626,94,15,50,15,0,
15815,unit_icon_0007_4_1.png,Loque,,暗,攻擊,3,覺醒,可召喚,C,8070,747,527,102,30,50,15,0,Scroll of Light and Darkness
16114,unit_icon_0022_3_4.png,Lora,羅拉,光,體力,5,覺醒,可召喚,A,11850,692,659,120,15,50,15,0,Scroll of Light and Darkness
28705,unit_icon_0127_2_5.png,Lord of Hell,,暗,攻擊,5,未覺醒,非常駐,B,10215,780,516,100,15,50,15,0,
28715,unit_icon_0127_2_5.png,Lord of Hell,,暗,攻擊,5,未覺醒,非常駐,B,10710,878,549,101,30,50,15,0,
19314,unit_icon_0032_3_4.png,Loren,,光,攻擊,3,覺醒,可召喚,S,9225,681,516,102,15,50,15,25,Secret Dungeon
30111,unit_icon_0145_1_1.png,Lorenza,,水,攻擊,4,覺醒,可召喚,B,9555,758,582,104,15,50,15,0,
14114,unit_icon_0015_3_3.png,Louis,,光,支援,4,覺醒,可召喚,B,10380,604,681,105,15,50,15,0,Scroll of Light and Darkness
21813,unit_icon_0044_2_4.png,Louise,,風,支援,5,覺醒,可召喚,B,11700,593,769,102,15,50,15,0,Legendary Scroll / Wind Scroll / Mystical Scroll or Crystal Summon
12801,unit_icon_0012_0_0.png,Low Elemental,,水,支援,1,未覺醒,可召喚,D,5925,527,395,100,15,50,15,0,Magic Shop / Unknown Scroll or Social Summon
12802,unit_icon_0012_1_0.png,Low Elemental,,火,支援,1,未覺醒,可召喚,D,6255,483,417,100,15,50,15,0,Vrofagus Ruins / Magic Shop / Unknown Scroll or Social Summon
12803,unit_icon_0012_2_0.png,Low Elemental,,風,支援,1,未覺醒,可召喚,D,6585,505,373,100,15,50,15,0,Kabir Ruins / Magic Shop / Unknown Scroll or Social Summon
12804,unit_icon_0011_3_1.png,Low Elemental,,光,支援,1,未覺醒,非常駐,D,6420,659,395,100,15,50,15,0,
12805,unit_icon_0012_3_0.png,Low Elemental,,暗,支援,1,未覺醒,可召喚,D,6420,472,417,100,15,50,15,0,Special Event
20211,unit_icon_0037_0_3.png,Luan,,水,防禦,3,覺醒,可召喚,C,8400,604,648,99,15,50,40,0,Water Scroll / Mystical Scroll or Crystal Summon / Unknown Scroll or Social Summon
20014,unit_icon_0036_3_0.png,Lucas,,光,攻擊,4,覺醒,可召喚,B,9885,780,538,107,15,50,15,0,Scroll of Light and Darkness
10512,unit_icon_0001_1_4.png,Lucasha,,火,攻擊,3,覺醒,可召喚,C,6915,889,461,103,15,50,15,0,Secret Dungeon / Fire Scroll / Mystical Scroll or Crystal Summon / Unknown Scroll or Social Summon
26812,unit_icon_0099_1_2.png,Lucia,露奇亞,火,支援,5,覺醒,可召喚,A,10875,681,736,96,15,50,40,0,
20914,unit_icon_0041_3_1.png,Lucien,,光,攻擊,3,覺醒,可召喚,C,8895,692,527,101,15,50,15,0,Scroll of Light and Darkness / Mystical Scroll or Crystal Summon / Unknown Scroll or Social Summon
23114,unit_icon_0052_3_4.png,Lucifer,路西法,光,體力,5,覺醒,可召喚,B,11700,725,637,104,15,50,40,0,Scroll of Light and Darkness
21312,unit_icon_0043_1_0.png,Ludo,,火,攻擊,4,覺醒,可召喚,B,9060,769,604,102,15,50,15,0,Legendary Scroll / Fire Scroll / Mystical Scroll or Crystal Summon
14111,unit_icon_0015_0_3.png,Luer,,水,支援,4,覺醒,可召喚,B,10710,659,604,105,15,50,15,0,Legendary Scroll / Water Scroll / Mystical Scroll or Crystal Summon
11113,unit_icon_0004_2_1.png,Lukan,,風,防禦,2,覺醒,可召喚,D,7245,582,582,99,15,50,15,0,Tamor Desert / Magic Shop / Secret Dungeon / Unknown Scroll or Social Summon
13211,unit_icon_0013_0_1.png,Lulu,,水,支援,2,覺醒,可召喚,D,8730,527,538,99,15,50,15,0,Hydeni Ruins / Secret Dungeon / Unknown Scroll or Social Summon
13231,unit_icon_0070_3_0.png,Lulu and Friends,,水,支援,2,二次覺醒,可召喚,D,10050,648,714,99,15,50,15,0,Hydeni Ruins / Secret Dungeon / Unknown Scroll or Social Summon
29911,unit_icon_0153_1_1.png,Lumina,,水,支援,4,覺醒,可召喚,B,10710,604,659,101,15,50,15,0,
11911,unit_icon_0009_0_4.png,Lumirecia,,水,支援,4,覺醒,可召喚,B,12840,439,681,103,15,50,15,0,Legendary Scroll / Water Scroll / Mystical Scroll or Crystal Summon
13915,unit_icon_0014_4_4.png,Luna,,暗,攻擊,4,覺醒,可召喚,B,8235,878,549,103,15,50,15,0,Scroll of Light and Darkness
19813,unit_icon_0036_2_4.png,Lupinus,,風,體力,4,覺醒,可召喚,B,10875,670,582,95,15,50,15,0,Fusion / Legendary Scroll / Wind Scroll / Mystical Scroll or Crystal Summon
10714,unit_icon_0002_3_3.png,Lusha,,光,體力,3,覺醒,可召喚,C,11370,340,714,102,15,50,15,0,Secret Dungeon / Scroll of Light and Darkness
10734,unit_icon_0051_3_2.png,Lusha,,光,體力,3,二次覺醒,可召喚,B,12510,428,769,102,15,50,15,0,Secret Dungeon / Scroll of Light and Darkness
13413,unit_icon_0011_2_2.png,Lushen,,風,攻擊,4,覺醒,可召喚,S,9225,900,461,103,15,50,15,0,Legendary Scroll / Wind Scroll / Mystical Scroll or Crystal Summon
18915,unit_icon_0033_4_3.png,Lydia,,暗,攻擊,5,覺醒,可召喚,B,10545,790,648,96,30,50,15,0,Scroll of Light and Darkness
14914,unit_icon_0018_3_0.png,Lyn,,光,攻擊,3,覺醒,可召喚,B,10380,790,329,102,15,50,15,0,Scroll of Light and Darkness
24211,unit_icon_0061_1_1.png,M. BISON,,水,體力,5,覺醒,可召喚,B,12180,714,615,101,15,50,40,0,
24212,unit_icon_0061_1_2.png,M. BISON,,火,體力,5,覺醒,可召喚,B,13170,615,648,101,15,50,15,25,
24213,unit_icon_0061_1_3.png,M. BISON,,風,體力,5,覺醒,可召喚,B,11850,747,604,101,15,50,15,25,
24214,unit_icon_0061_1_4.png,M. BISON,,光,體力,5,覺醒,可召喚,B,12510,648,659,101,15,50,15,25,
24215,unit_icon_0061_1_5.png,M. BISON,,暗,體力,5,覺醒,可召喚,B,13005,637,637,101,15,50,40,0,
26901,unit_icon_0097_0_1.png,Macaron Guard,,水,防禦,5,未覺醒,可召喚,B,9555,604,736,100,15,50,15,0,
26902,unit_icon_0097_0_2.png,Macaron Guard,,火,防禦,5,未覺醒,可召喚,B,8895,560,823,100,15,50,15,0,
26903,unit_icon_0097_0_3.png,Macaron Guard,,風,防禦,5,未覺醒,可召喚,B,9060,604,769,100,15,50,15,0,
26904,unit_icon_0097_0_4.png,Macaron Guard,,光,防禦,5,未覺醒,可召喚,B,9225,571,790,100,15,50,15,0,
26905,unit_icon_0097_0_5.png,Macaron Guard,,暗,防禦,5,未覺醒,可召喚,B,9390,615,736,100,15,50,15,0,
25814,unit_icon_0081_1_4.png,Madeleine,,光,支援,4,覺醒,可召喚,B,10215,593,703,103,15,50,15,0,
26611,unit_icon_0091_1_1.png,Madeleine Cookie,,水,攻擊,4,覺醒,可召喚,B,9885,747,571,103,15,50,15,0,
26612,unit_icon_0091_1_2.png,Madeleine Cookie,,火,攻擊,4,覺醒,可召喚,B,9720,736,593,103,15,50,15,0,
26613,unit_icon_0091_1_3.png,Madeleine Cookie,,風,體力,4,覺醒,可召喚,B,10710,659,604,103,15,50,15,0,
26614,unit_icon_0091_1_4.png,Madeleine Cookie,,光,攻擊,4,覺醒,可召喚,B,9555,758,582,103,15,50,15,0,
26615,unit_icon_0091_1_5.png,Madeleine Cookie,,暗,體力,4,覺醒,可召喚,B,11205,670,560,103,15,50,15,0,
25201,unit_icon_0075_0_1.png,Mage,,水,支援,5,未覺醒,可召喚,B,10380,714,571,100,15,50,15,0,
25202,unit_icon_0075_0_2.png,Mage,,火,攻擊,5,未覺醒,可召喚,B,9885,758,560,100,15,50,15,0,
25203,unit_icon_0075_0_3.png,Mage,,風,攻擊,5,未覺醒,可召喚,B,9555,747,593,100,15,50,15,0,
25204,unit_icon_0075_0_4.png,Mage,,光,攻擊,5,未覺醒,可召喚,B,9720,780,549,100,15,50,15,0,
25205,unit_icon_0075_0_5.png,Mage,,暗,支援,5,未覺醒,可召喚,B,10545,692,582,100,15,50,15,0,
11415,unit_icon_0005_4_2.png,Maggi,,暗,防禦,3,覺醒,可召喚,C,9885,384,769,104,15,50,15,0,Scroll of Light and Darkness
19801,unit_icon_0036_0_3.png,Magic Knight,,水,攻擊,4,未覺醒,可召喚,C,9390,659,527,94,15,50,15,0,Legendary Scroll / Water Scroll / Mystical Scroll or Crystal Summon
19802,unit_icon_0036_1_3.png,Magic Knight,,火,攻擊,4,未覺醒,可召喚,B,8565,725,516,94,15,50,15,0,Legendary Scroll / Fire Scroll / Mystical Scroll or Crystal Summon
19803,unit_icon_0036_2_3.png,Magic Knight,,風,體力,4,未覺醒,可召喚,C,10050,604,538,94,15,50,15,0,Fusion / Legendary Scroll / Wind Scroll / Mystical Scroll or Crystal Summon
19804,unit_icon_0036_3_3.png,Magic Knight,,光,攻擊,4,未覺醒,可召喚,C,9555,703,472,94,15,50,15,0,Scroll of Light and Darkness
19805,unit_icon_0036_4_3.png,Magic Knight,,暗,防禦,4,未覺醒,可召喚,C,9225,560,637,94,15,50,15,0,Scroll of Light and Darkness
29901,unit_icon_0153_0_1.png,Magic Order Elementalist,,水,支援,4,未覺醒,可召喚,C,9885,549,604,100,15,50,15,0,
29903,unit_icon_0153_0_3.png,Magic Order Elementalist,,風,支援,4,未覺醒,可召喚,C,9720,549,615,100,15,50,15,0,
29902,unit_icon_0153_0_2.png,Magic Order Elementalist,,火,攻擊,5,未覺醒,可召喚,B,9885,790,527,100,15,50,15,0,
29904,unit_icon_0153_0_4.png,Magic Order Elementalist,,光,支援,5,未覺醒,可召喚,B,10545,637,637,100,15,50,15,0,
29905,unit_icon_0153_0_5.png,Magic Order Elementalist,,暗,攻擊,5,未覺醒,可召喚,B,9555,812,527,100,15,50,15,0,
29803,unit_icon_0152_0_3.png,Magic Order Enchantress,,風,攻擊,4,未覺醒,可召喚,C,9885,604,549,102,15,50,15,0,
29804,unit_icon_0152_0_4.png,Magic Order Enchantress,,光,支援,4,未覺醒,可召喚,C,9390,615,571,102,15,50,15,0,
29801,unit_icon_0152_0_1.png,Magic Order Enchantress,,水,攻擊,5,未覺醒,可召喚,B,10050,747,560,102,15,50,15,0,
29802,unit_icon_0152_0_2.png,Magic Order Enchantress,,火,支援,5,未覺醒,可召喚,B,10545,659,615,102,15,50,15,0,
29805,unit_icon_0152_0_5.png,Magic Order Enchantress,,暗,攻擊,5,未覺醒,可召喚,B,9885,769,549,102,15,50,15,0,
29601,unit_icon_0150_0_1.png,Magic Order Guardian,,水,攻擊,5,未覺醒,可召喚,B,9390,758,593,99,15,50,15,0,
29602,unit_icon_0150_0_2.png,Magic Order Guardian,,火,攻擊,5,未覺醒,可召喚,B,9390,769,582,99,15,50,15,0,
29603,unit_icon_0150_0_3.png,Magic Order Guardian,,風,體力,5,未覺醒,可召喚,B,10875,703,549,99,15,50,15,0,
29604,unit_icon_0150_0_4.png,Magic Order Guardian,,光,攻擊,5,未覺醒,可召喚,B,9720,747,582,99,15,50,15,0,
29605,unit_icon_0150_0_5.png,Magic Order Guardian,,暗,體力,5,未覺醒,可召喚,B,11205,670,560,99,15,50,15,0,
29702,unit_icon_0151_0_2.png,Magic Order Swordsinger,,火,攻擊,4,未覺醒,可召喚,C,9060,714,494,105,15,50,15,0,
29705,unit_icon_0151_0_5.png,Magic Order Swordsinger,,暗,攻擊,4,未覺醒,可召喚,C,9555,692,483,105,15,50,15,0,
29701,unit_icon_0151_0_1.png,Magic Order Swordsinger,,水,攻擊,5,未覺醒,可召喚,B,9390,812,538,105,15,50,15,0,
29703,unit_icon_0151_0_3.png,Magic Order Swordsinger,,風,攻擊,5,未覺醒,可召喚,B,9555,790,549,105,15,50,15,0,
29704,unit_icon_0151_0_4.png,Magic Order Swordsinger,,光,攻擊,5,未覺醒,可召喚,B,9720,769,560,105,15,50,15,0,
15401,unit_icon_0020_0_2.png,Magical Archer,,水,攻擊,3,未覺醒,可召喚,C,7905,703,417,104,15,50,15,0,Secret Dungeon / Water Scroll / Mystical Scroll or Crystal Summon / Unknown Scroll or Social Summon
15402,unit_icon_0020_1_2.png,Magical Archer,,火,攻擊,3,未覺醒,可召喚,C,7410,692,461,104,15,50,15,0,Secret Dungeon / Fire Scroll / Mystical Scroll or Crystal Summon / Unknown Scroll or Social Summon
15403,unit_icon_0020_2_2.png,Magical Archer,,風,攻擊,3,未覺醒,可召喚,C,6585,725,483,104,15,50,15,0,Secret Dungeon / Wind Scroll / Mystical Scroll or Crystal Summon / Unknown Scroll or Social Summon
15404,unit_icon_0020_3_2.png,Magical Archer,,光,攻擊,4,未覺醒,可召喚,C,8895,714,505,104,15,50,15,0,Scroll of Light and Darkness
15405,unit_icon_0020_4_2.png,Magical Archer,,暗,攻擊,4,未覺醒,可召喚,C,7575,856,450,104,15,50,15,0,Scroll of Light and Darkness
22714,unit_icon_0048_3_1.png,Magnum,,光,攻擊,4,覺醒,可召喚,B,9060,769,604,97,30,50,15,0,Scroll of Light and Darkness
29612,unit_icon_0150_1_2.png,Magnus,,火,攻擊,5,覺醒,可召喚,B,9555,867,637,100,15,50,15,25,
18111,unit_icon_0029_0_1.png,Malaka,,水,攻擊,4,覺醒,可召喚,B,8565,812,593,101,15,50,15,0,Legendary Scroll / Water Scroll / Mystical Scroll or Crystal Summon
23313,unit_icon_0052_2_2.png,Malite,,風,防禦,4,覺醒,可召喚,C,9225,527,834,93,15,50,15,0,Legendary Scroll / Wind Scroll / Mystical Scroll or Crystal Summon
19715,unit_icon_0035_4_3.png,Manannan,,暗,攻擊,5,覺醒,可召喚,B,10215,856,604,101,30,50,15,0,Scroll of Light and Darkness
12501,unit_icon_0010_2_2.png,Maned Boar,,水,體力,2,未覺醒,可召喚,D,8400,494,428,93,15,50,15,0,Unknown Scroll or Social Summon
12502,unit_icon_0010_3_2.png,Maned Boar,,火,體力,2,未覺醒,可召喚,D,8070,505,439,93,15,50,15,0,Garen Forest / Unknown Scroll or Social Summon
12503,unit_icon_0010_4_2.png,Maned Boar,,風,體力,2,未覺醒,可召喚,D,8235,527,406,93,15,50,15,0,Telain Forest / Unknown Scroll or Social Summon
26911,unit_icon_0097_1_1.png,Manon,,水,防禦,5,覺醒,可召喚,B,10215,637,823,101,30,50,15,0,
11315,unit_icon_0005_4_0.png,Mantura,,暗,體力,3,覺醒,可召喚,C,9885,604,549,100,15,50,15,0,Scroll of Light and Darkness
26012,unit_icon_0085_1_2.png,Manx,,火,體力,4,覺醒,可召喚,B,12345,626,527,100,15,50,15,25,
17211,unit_icon_0026_0_3.png,Mao,,水,攻擊,3,覺醒,可召喚,C,8400,714,538,99,30,50,15,0,Water Scroll / Mystical Scroll or Crystal Summon / Unknown Scroll or Social Summon
14915,unit_icon_0018_4_0.png,Mara,,暗,攻擊,3,覺醒,可召喚,C,7740,911,384,102,15,50,15,0,Scroll of Light and Darkness
19014,unit_icon_0033_3_1.png,Marble,,光,體力,3,覺醒,可召喚,C,11205,505,560,99,15,50,15,0,Scroll of Light and Darkness
20201,unit_icon_0037_0_2.png,Martial Artist,,水,防禦,3,未覺醒,可召喚,C,7410,527,626,98,15,50,15,0,Water Scroll / Mystical Scroll or Crystal Summon / Unknown Scroll or Social Summon
20202,unit_icon_0037_1_2.png,Martial Artist,,火,防禦,3,未覺醒,可召喚,C,7410,538,615,98,15,50,15,0,Fire Scroll / Mystical Scroll or Crystal Summon / Unknown Scroll or Social Summon
20203,unit_icon_0037_2_2.png,Martial Artist,,風,攻擊,3,未覺醒,可召喚,C,8565,582,494,98,15,50,15,0,Wind Scroll / Mystical Scroll or Crystal Summon / Unknown Scroll or Social Summon
20204,unit_icon_0037_3_2.png,Martial Artist,,光,體力,3,未覺醒,可召喚,C,9720,461,538,98,15,50,15,0,Scroll of Light and Darkness
20205,unit_icon_0037_4_2.png,Martial Artist,,暗,防禦,3,未覺醒,可召喚,C,8235,461,637,98,15,50,15,0,Scroll of Light and Darkness
15001,unit_icon_0018_0_1.png,Martial Cat,,水,攻擊,3,未覺醒,可召喚,C,7905,626,494,103,15,50,15,0,Guild Shop / Water Scroll / Mystical Scroll or Crystal Summon / Unknown Scroll or Social Summon
15002,unit_icon_0018_1_1.png,Martial Cat,,火,體力,3,未覺醒,可召喚,C,9060,571,472,103,15,50,15,0,Guild Shop / Fire Scroll / Mystical Scroll or Crystal Summon / Unknown Scroll or Social Summon
15003,unit_icon_0018_2_1.png,Martial Cat,,風,攻擊,3,未覺醒,可召喚,C,7905,615,505,103,15,50,15,0,Wind Scroll / Mystical Scroll or Crystal Summon / Unknown Scroll or Social Summon
15004,unit_icon_0018_3_1.png,Martial Cat,,光,體力,3,未覺醒,可召喚,C,9885,549,439,103,15,50,15,0,Scroll of Light and Darkness
15005,unit_icon_0018_4_1.png,Martial Cat,,暗,攻擊,3,未覺醒,可召喚,C,7080,703,472,103,15,50,15,0,Scroll of Light and Darkness
22015,unit_icon_0045_4_3.png,Martina,,暗,攻擊,4,覺醒,可召喚,B,8895,780,604,101,15,50,15,0,Scroll of Light and Darkness
22012,unit_icon_0045_1_3.png,Maruna,,火,攻擊,4,覺醒,可召喚,B,9225,747,615,101,15,50,15,0,Legendary Scroll / Fire Scroll / Mystical Scroll or Crystal Summon
23512,unit_icon_0054_1_0.png,Masha,瑪莎,火,攻擊,5,覺醒,可召喚,B,10710,801,626,123,15,50,15,0,Legendary Scroll / Fire Scroll / Mystical Scroll or Crystal Summon
23612,unit_icon_0054_1_1.png,Masha,,火,攻擊,5,覺醒,非常駐,B,10710,801,626,123,15,50,15,0,
18713,unit_icon_0031_2_3.png,Mav,,風,體力,3,覺醒,可召喚,B,10215,637,494,105,15,50,15,0,Wind Scroll / Mystical Scroll or Crystal Summon / Unknown Scroll or Social Summon
25715,unit_icon_0080_1_5.png,Maximilian,瑪西密里恩,暗,攻擊,5,覺醒,可召喚,A,9555,922,582,102,30,50,15,0,
25615,unit_icon_0078_1_5.png,Maya,,暗,支援,5,覺醒,可召喚,B,11535,714,659,99,15,50,15,25,
28511,unit_icon_0119_1_1.png,Mayasura,,水,攻擊,4,覺醒,可召喚,B,10215,747,549,101,15,50,40,0,
15911,unit_icon_0023_0_3.png,Megan,,水,支援,3,覺醒,可召喚,A,9885,582,571,97,15,50,15,0,Water Scroll / Mystical Scroll or Crystal Summon / Unknown Scroll or Social Summon
15931,unit_icon_0083_3_1.png,Megan,,水,支援,3,二次覺醒,可召喚,A,11040,659,637,97,15,50,15,0,
30511,unit_icon_0157_1_1.png,Megumi Fushiguro,,水,支援,4,覺醒,可召喚,B,10050,659,648,101,15,50,15,0,
30514,unit_icon_0157_1_4.png,Megumi Fushiguro,,光,支援,4,覺醒,可召喚,B,10215,670,626,101,15,50,15,0,
30512,unit_icon_0157_1_2.png,Megumi Fushiguro,伏黑 惠,火,支援,5,覺醒,可召喚,S,10710,736,692,101,15,50,15,25,
30513,unit_icon_0157_1_3.png,Megumi Fushiguro,,風,支援,5,覺醒,可召喚,B,11040,703,703,101,15,50,40,0,
30515,unit_icon_0157_1_5.png,Megumi Fushiguro,伏黑 惠,暗,支援,5,覺醒,可召喚,B,10545,758,681,101,15,50,15,25,
15012,unit_icon_0018_1_2.png,Mei,,火,體力,3,覺醒,可召喚,C,10380,626,494,104,15,50,40,0,Guild Shop / Fire Scroll / Mystical Scroll or Crystal Summon / Unknown Scroll or Social Summon
15032,unit_icon_0053_1_2.png,Mei,,火,體力,3,二次覺醒,可召喚,B,11700,703,549,104,15,50,40,0,Guild Shop / Fire Scroll / Mystical Scroll or Crystal Summon / Unknown Scroll or Social Summon
16812,unit_icon_0025_1_4.png,Mei Hou Wang,美猴王,火,防禦,5,覺醒,可召喚,A,10545,692,747,116,15,50,15,0,Legendary Scroll / Fire Scroll / Mystical Scroll or Crystal Summon
21913,unit_icon_0045_2_1.png,Melissa,,風,攻擊,4,覺醒,可召喚,B,9060,769,604,103,15,50,15,0,Legendary Scroll / Wind Scroll / Mystical Scroll or Crystal Summon
22113,unit_icon_0046_2_1.png,Mellia,,風,支援,4,覺醒,可召喚,B,10710,615,648,104,15,50,15,0,Legendary Scroll / Wind Scroll / Mystical Scroll or Crystal Summon
23113,unit_icon_0052_2_4.png,Mephisto,,風,體力,5,覺醒,可召喚,B,11535,714,659,104,15,50,40,0,Legendary Scroll / Wind Scroll / Mystical Scroll or Crystal Summon
28202,unit_icon_0117_0_2.png,Mercenary Queen,,火,體力,4,未覺醒,可召喚,C,10545,615,494,102,15,50,15,0,
28203,unit_icon_0117_0_3.png,Mercenary Queen,,風,支援,4,未覺醒,可召喚,C,9225,593,604,102,15,50,15,0,
28201,unit_icon_0117_0_1.png,Mercenary Queen,,水,支援,5,未覺醒,可召喚,B,9555,670,670,102,15,50,15,0,
28204,unit_icon_0117_0_4.png,Mercenary Queen,,光,攻擊,5,未覺醒,可召喚,B,9060,812,560,102,15,50,15,0,
28205,unit_icon_0117_0_5.png,Mercenary Queen,,暗,體力,5,未覺醒,可召喚,B,11040,681,560,102,15,50,15,0,
19601,unit_icon_0034_0_4.png,Mermaid,,水,支援,4,未覺醒,可召喚,A,9225,560,637,94,15,50,15,0,Legendary Scroll / Water Scroll / Mystical Scroll or Crystal Summon
19602,unit_icon_0034_1_4.png,Mermaid,,火,支援,4,未覺醒,可召喚,C,9885,637,516,94,15,50,15,0,Legendary Scroll / Fire Scroll / Mystical Scroll or Crystal Summon
19603,unit_icon_0034_2_4.png,Mermaid,,風,支援,4,未覺醒,可召喚,C,10380,692,428,94,15,50,15,0,Legendary Scroll / Wind Scroll / Mystical Scroll or Crystal Summon
19604,unit_icon_0034_3_4.png,Mermaid,,光,支援,4,未覺醒,可召喚,C,9390,549,637,94,15,50,15,0,Scroll of Light and Darkness
19605,unit_icon_0034_4_4.png,Mermaid,,暗,支援,4,未覺醒,可召喚,C,9885,494,659,94,15,50,15,0,Scroll of Light and Darkness
21215,unit_icon_0041_4_4.png,Mi Ying,秘影,暗,攻擊,5,覺醒,可召喚,B,10380,801,648,111,15,50,15,0,Scroll of Light and Darkness
15313,unit_icon_0020_2_1.png,Michelle,,風,支援,3,覺醒,可召喚,B,11205,549,516,96,15,50,40,0,Wind Scroll / Mystical Scroll or Crystal Summon / Unknown Scroll or Social Summon
11914,unit_icon_0009_3_4.png,Mihael,,光,支援,4,覺醒,可召喚,B,11850,593,593,103,15,50,15,0,Scroll of Light and Darkness
15015,unit_icon_0018_4_2.png,Miho,,暗,攻擊,3,覺醒,可召喚,B,9060,703,505,119,15,50,15,0,Scroll of Light and Darkness
15035,unit_icon_0053_4_2.png,Miho,,暗,攻擊,3,二次覺醒,可召喚,B,10050,801,560,119,15,50,15,0,Scroll of Light and Darkness
18311,unit_icon_0029_0_3.png,Mihyang,,水,支援,4,覺醒,可召喚,B,11205,670,560,101,15,50,15,0,Legendary Scroll / Water Scroll / Mystical Scroll or Crystal Summon
11611,unit_icon_0006_0_1.png,Mikene,,水,支援,4,覺醒,可召喚,A,11040,560,681,99,15,50,15,0,Fusion / Legendary Scroll / Water Scroll / Mystical Scroll or Crystal Summon
25311,unit_icon_0076_1_1.png,Miles,麥爾斯,水,支援,5,覺醒,可召喚,B,11370,692,692,105,15,50,15,25,
12901,unit_icon_0012_0_1.png,Mimic,,水,防禦,1,未覺醒,可召喚,D,5760,362,571,86,15,50,15,0,Magic Shop / Unknown Scroll or Social Summon
12902,unit_icon_0012_1_1.png,Mimic,,火,防禦,1,未覺醒,可召喚,D,5100,417,560,86,15,50,15,0,Magic Shop / Unknown Scroll or Social Summon
12903,unit_icon_0012_2_1.png,Mimic,,風,防禦,1,未覺醒,可召喚,D,5925,373,549,86,15,50,15,0,Ferun Castle / Mt. Siz / Magic Shop / Unknown Scroll or Social Summon
12905,unit_icon_0012_3_1.png,Mimic,,暗,防禦,1,未覺醒,可召喚,D,6090,406,505,86,15,50,15,0,Special Event
18814,unit_icon_0032_3_0.png,Mimirr,,光,攻擊,4,覺醒,可召喚,B,10380,703,582,103,30,50,15,0,Scroll of Light and Darkness
15011,unit_icon_0018_0_2.png,Mina,,水,攻擊,3,覺醒,可召喚,C,7905,790,494,119,15,50,15,0,Guild Shop / Water Scroll / Mystical Scroll or Crystal Summon / Unknown Scroll or Social Summon
15031,unit_icon_0053_0_2.png,Mina,,水,攻擊,3,二次覺醒,可召喚,B,9060,867,560,119,15,50,15,0,Guild Shop / Water Scroll / Mystical Scroll or Crystal Summon / Unknown Scroll or Social Summon
25911,unit_icon_0086_1_1.png,Minato,米納托,水,攻擊,5,覺醒,可召喚,A,9720,889,604,105,30,50,15,0,
29011,unit_icon_0132_1_1.png,Minji and Sapsaree,,水,支援,4,覺醒,可召喚,B,10875,582,670,103,15,50,15,0,
17701,unit_icon_0027_0_3.png,Minotauros,,水,體力,3,未覺醒,可召喚,C,9060,538,505,98,15,50,15,0,Water Scroll / Mystical Scroll or Crystal Summon / Unknown Scroll or Social Summon
17702,unit_icon_0027_1_3.png,Minotauros,,火,體力,3,未覺醒,可召喚,C,8730,549,516,98,15,50,15,0,Fire Scroll / Mystical Scroll or Crystal Summon / Unknown Scroll or Social Summon
17703,unit_icon_0027_2_3.png,Minotauros,,風,體力,3,未覺醒,可召喚,C,9060,516,527,98,15,50,15,0,Chiruka Remains / Wind Scroll / Mystical Scroll or Crystal Summon / Unknown Scroll or Social Summon
17704,unit_icon_0027_3_3.png,Minotauros,,光,體力,3,未覺醒,可召喚,C,8565,527,549,98,15,50,15,0,Scroll of Light and Darkness
17705,unit_icon_0027_4_3.png,Minotauros,,暗,體力,3,未覺醒,可召喚,C,8400,549,538,98,15,50,15,0,Scroll of Light and Darkness
25812,unit_icon_0081_1_2.png,Miriam,,火,支援,4,覺醒,可召喚,B,10875,604,648,103,15,50,15,0,
23915,unit_icon_0057_1_5.png,Mirinae,,暗,支援,4,覺醒,可召喚,B,11370,615,604,107,15,50,15,0,Scroll of Light and Darkness
29114,unit_icon_0136_1_4.png,Miruel and Graciah,米雷爾與格拉西亞,光,支援,5,覺醒,可召喚,B,10380,780,670,102,15,50,15,25,
17501,unit_icon_0027_0_2.png,Mischievous Bat,,水,攻擊,2,未覺醒,可召喚,D,6585,659,384,105,15,50,15,0,Mt. Runar / Unknown Scroll or Social Summon
17502,unit_icon_0027_1_2.png,Mischievous Bat,,火,攻擊,2,未覺醒,可召喚,D,6420,703,351,105,15,50,15,0,Unknown Scroll or Social Summon
17503,unit_icon_0027_2_2.png,Mischievous Bat,,風,攻擊,2,未覺醒,可召喚,D,6750,692,340,105,15,50,15,0,Unknown Scroll or Social Summon
20714,unit_icon_0040_3_1.png,Misty,有霧,光,攻擊,4,覺醒,可召喚,B,9390,758,593,101,15,50,15,0,Scroll of Light and Darkness
21211,unit_icon_0041_0_4.png,Mo Long,黙龍,水,體力,5,覺醒,可召喚,B,12675,648,648,96,15,50,15,25,Legendary Scroll / Water Scroll / Mystical Scroll or Crystal Summon
19614,unit_icon_0035_3_0.png,Molly,,光,支援,4,覺醒,可召喚,B,11205,494,736,95,15,50,40,0,Scroll of Light and Darkness
25213,unit_icon_0075_1_3.png,Momo,,風,攻擊,5,覺醒,可召喚,B,10545,801,637,101,15,50,15,25,
16801,unit_icon_0025_0_3.png,Monkey King,,水,攻擊,5,未覺醒,可召喚,S,9390,747,604,99,15,50,15,0,Legendary Scroll / Water Scroll / Mystical Scroll or Crystal Summon
16802,unit_icon_0025_1_3.png,Monkey King,,火,防禦,5,未覺醒,可召喚,A,9720,659,670,100,15,50,15,0,Legendary Scroll / Fire Scroll / Mystical Scroll or Crystal Summon
16803,unit_icon_0025_2_3.png,Monkey King,,風,體力,5,未覺醒,可召喚,A,10710,626,637,101,15,50,15,0,Legendary Scroll / Wind Scroll / Mystical Scroll or Crystal Summon
16804,unit_icon_0025_3_3.png,Monkey King,,光,支援,5,未覺醒,可召喚,B,9885,659,659,98,15,50,15,0,Scroll of Light and Darkness
16805,unit_icon_0025_4_3.png,Monkey King,,暗,體力,5,未覺醒,可召喚,A,11040,637,604,102,15,50,15,0,Scroll of Light and Darkness
12601,unit_icon_0010_0_3.png,Monster Flower,,水,體力,2,未覺醒,可召喚,D,10215,461,340,95,15,50,15,0,Chiruka Remains / Garen Forest / Unknown Scroll or Social Summon
12602,unit_icon_0010_1_3.png,Monster Flower,,火,體力,2,未覺醒,可召喚,D,9555,483,362,95,15,50,15,0,Telain Forest / Unknown Scroll or Social Summon
12603,unit_icon_0010_2_3.png,Monster Flower,,風,體力,2,未覺醒,可召喚,D,9720,439,395,95,15,50,15,0,Aiden Forest / Unknown Scroll or Social Summon
12605,unit_icon_0010_3_3.png,Monster Flower,,暗,體力,2,未覺醒,可召喚,D,9885,428,395,95,15,50,15,0,Special Event
21315,unit_icon_0043_4_0.png,Monte,,暗,支援,4,覺醒,可召喚,B,9885,659,659,102,15,50,15,0,Scroll of Light and Darkness
28912,unit_icon_0133_1_2.png,Moogwang,,火,體力,5,覺醒,可召喚,B,12675,637,659,96,15,50,15,25,
23715,unit_icon_0056_1_5.png,Mookwol,,暗,支援,5,覺醒,可召喚,B,11370,769,615,117,15,50,15,0,Scroll of Light and Darkness
24511,unit_icon_0066_1_1.png,Moore,摩爾,水,攻擊,5,覺醒,可召喚,A,11040,801,604,103,15,50,15,25,Legendary Scroll / Water Scroll / Mystical Scroll or Crystal Summon
12013,unit_icon_0007_2_4.png,Moria,,風,攻擊,3,覺醒,可召喚,C,5595,933,505,105,15,50,15,0,Kabir Ruins / Wind Scroll / Mystical Scroll or Crystal Summon / Unknown Scroll or Social Summon
12033,unit_icon_0074_3_3.png,Moria,,風,攻擊,3,二次覺醒,可召喚,B,7740,966,549,105,15,50,15,0,
31411,unit_icon_0176_1_1.png,Mork,,水,體力,4,覺醒,可召喚,B,11700,604,593,98,15,50,40,0,
21313,unit_icon_0043_2_0.png,Morris,,風,支援,4,覺醒,可召喚,B,9885,692,626,102,15,50,15,0,Legendary Scroll / Wind Scroll / Mystical Scroll or Crystal Summon
31314,unit_icon_0175_1_4.png,Mortera,,光,支援,5,覺醒,可召喚,B,10875,703,714,100,15,50,15,25,
20301,unit_icon_0038_0_2.png,Mummy,,水,體力,3,未覺醒,可召喚,C,9390,461,560,96,15,50,15,0,Guild Shop / Water Scroll / Mystical Scroll or Crystal Summon / Unknown Scroll or Social Summon
20302,unit_icon_0038_1_2.png,Mummy,,火,體力,3,未覺醒,可召喚,C,8895,516,538,96,15,50,15,0,Fire Scroll / Mystical Scroll or Crystal Summon / Unknown Scroll or Social Summon
20303,unit_icon_0038_2_2.png,Mummy,,風,體力,3,未覺醒,可召喚,C,9225,483,549,96,15,50,15,0,Wind Scroll / Mystical Scroll or Crystal Summon / Unknown Scroll or Social Summon
20304,unit_icon_0038_3_2.png,Mummy,,光,體力,3,未覺醒,可召喚,C,9555,428,582,96,15,50,15,0,Scroll of Light and Darkness
20305,unit_icon_0038_4_2.png,Mummy,,暗,體力,3,未覺醒,可召喚,C,9060,527,516,96,15,50,15,0,Scroll of Light and Darkness
12401,unit_icon_0010_4_1.png,Mushroom,,水,攻擊,1,未覺醒,可召喚,D,6750,538,329,104,15,50,15,0,Unknown Scroll or Social Summon
12402,unit_icon_0010_0_2.png,Mushroom,,火,攻擊,1,未覺醒,可召喚,D,6915,505,351,104,15,50,15,0,Unknown Scroll or Social Summon
12403,unit_icon_0010_1_2.png,Mushroom,,風,攻擊,1,未覺醒,可召喚,D,7575,494,318,104,15,50,15,0,Garen Forest / Unknown Scroll or Social Summon
15901,unit_icon_0023_0_2.png,Mystic Witch,,水,支援,3,未覺醒,可召喚,A,8895,527,527,96,15,50,15,0,Water Scroll / Mystical Scroll or Crystal Summon / Unknown Scroll or Social Summon
15902,unit_icon_0023_1_2.png,Mystic Witch,,火,支援,3,未覺醒,可召喚,C,8730,549,516,96,15,50,15,0,Fire Scroll / Mystical Scroll or Crystal Summon / Unknown Scroll or Social Summon
15903,unit_icon_0023_2_2.png,Mystic Witch,,風,攻擊,3,未覺醒,可召喚,C,8400,615,472,96,15,50,15,0,Wind Scroll / Mystical Scroll or Crystal Summon / Unknown Scroll or Social Summon
15904,unit_icon_0023_3_2.png,Mystic Witch,,光,攻擊,3,未覺醒,可召喚,C,8235,637,461,96,15,50,15,0,Scroll of Light and Darkness
15905,unit_icon_0023_4_2.png,Mystic Witch,,暗,攻擊,3,未覺醒,可召喚,C,9060,593,450,96,15,50,15,0,Scroll of Light and Darkness
30015,unit_icon_0146_1_5.png,N1X,,暗,支援,5,覺醒,可召喚,S,11205,637,758,100,15,50,15,25,
18712,unit_icon_0031_1_3.png,Naki,,火,體力,3,覺醒,可召喚,B,11700,560,472,105,15,50,15,0,Fire Scroll / Mystical Scroll or Crystal Summon / Unknown Scroll or Social Summon
20313,unit_icon_0038_2_3.png,Namib,,風,體力,3,覺醒,可召喚,C,10380,549,571,97,15,50,15,0,Wind Scroll / Mystical Scroll or Crystal Summon / Unknown Scroll or Social Summon
25211,unit_icon_0075_1_1.png,Nana,娜娜,水,支援,5,覺醒,可召喚,B,11370,758,626,116,15,50,15,0,
18512,unit_icon_0030_1_4.png,Nangrim,,火,攻擊,3,覺醒,可召喚,C,8565,725,516,100,15,50,15,0,Secret Dungeon / Fire Scroll / Mystical Scroll or Crystal Summon / Unknown Scroll or Social Summon
15013,unit_icon_0018_2_2.png,Naomi,,風,攻擊,3,覺醒,可召喚,B,8895,681,538,119,15,50,15,0,Wind Scroll / Mystical Scroll or Crystal Summon / Unknown Scroll or Social Summon
15033,unit_icon_0053_2_2.png,Naomi,,風,攻擊,3,二次覺醒,可召喚,B,10050,769,593,119,15,50,15,0,Wind Scroll / Mystical Scroll or Crystal Summon / Unknown Scroll or Social Summon
23514,unit_icon_0054_3_0.png,Narsha,娜瑞莎,光,攻擊,5,覺醒,可召喚,B,10215,834,626,108,15,50,15,25,Scroll of Light and Darkness
23614,unit_icon_0054_3_1.png,Narsha,,光,攻擊,5,覺醒,非常駐,B,10215,834,626,108,15,50,15,25,
19914,unit_icon_0036_3_2.png,Natalie,,光,攻擊,4,覺醒,可召喚,B,9225,845,516,102,15,50,15,25,Scroll of Light and Darkness
10114,unit_icon_0000_3_1.png,Neal,,光,支援,3,覺醒,可召喚,C,10545,681,428,101,15,50,15,0,Secret Dungeon / Scroll of Light and Darkness
10134,unit_icon_0051_3_0.png,Neal,,光,支援,3,二次覺醒,可召喚,B,11040,714,582,101,15,50,15,0,Secret Dungeon / Scroll of Light and Darkness
26013,unit_icon_0085_1_3.png,Nebelung,,風,體力,4,覺醒,可召喚,B,12015,571,604,100,15,50,15,0,
20101,unit_icon_0037_0_0.png,Neostone Agent,,水,支援,4,未覺醒,可召喚,C,9225,538,659,103,15,50,15,0,Fusion / Legendary Scroll / Water Scroll / Mystical Scroll or Crystal Summon
20102,unit_icon_0037_1_0.png,Neostone Agent,,火,支援,4,未覺醒,可召喚,B,10710,681,417,103,15,50,15,0,Legendary Scroll / Fire Scroll / Mystical Scroll or Crystal Summon
20103,unit_icon_0037_2_0.png,Neostone Agent,,風,支援,4,未覺醒,可召喚,C,9720,670,494,103,15,50,15,0,Legendary Scroll / Wind Scroll / Mystical Scroll or Crystal Summon
20104,unit_icon_0037_3_0.png,Neostone Agent,,光,支援,4,未覺醒,可召喚,C,10380,483,637,103,15,50,15,0,Scroll of Light and Darkness
20105,unit_icon_0037_4_0.png,Neostone Agent,,暗,支援,5,未覺醒,可召喚,B,9885,681,637,103,15,50,15,0,Scroll of Light and Darkness
20001,unit_icon_0035_0_4.png,Neostone Fighter,,水,攻擊,4,未覺醒,可召喚,B,10215,648,483,106,15,50,15,0,Legendary Scroll / Water Scroll / Mystical Scroll or Crystal Summon
20002,unit_icon_0035_1_4.png,Neostone Fighter,,火,攻擊,4,未覺醒,可召喚,C,9720,681,483,106,15,50,15,0,Legendary Scroll / Fire Scroll / Mystical Scroll or Crystal Summon
20003,unit_icon_0035_2_4.png,Neostone Fighter,,風,攻擊,4,未覺醒,可召喚,C,8235,703,560,106,15,50,15,0,Legendary Scroll / Wind Scroll / Mystical Scroll or Crystal Summon
20004,unit_icon_0035_3_4.png,Neostone Fighter,,光,攻擊,4,未覺醒,可召喚,C,9060,692,516,106,15,50,15,0,Scroll of Light and Darkness
20005,unit_icon_0035_4_4.png,Neostone Fighter,,暗,攻擊,4,未覺醒,可召喚,C,8895,703,516,106,15,50,15,0,Scroll of Light and Darkness
20515,unit_icon_0039_4_2.png,Nephthys,奈芙蒂斯,暗,支援,5,覺醒,可召喚,A,11370,725,659,101,15,50,40,0,Scroll of Light and Darkness
34211,unit_icon_0202_1_1.png,Neriope,,水,支援,5,覺醒,可召喚,B,11850,593,758,103,15,50,40,0,
31913,unit_icon_0168_1_3.png,Nezuko Kamado,,風,支援,4,覺醒,可召喚,B,10215,659,637,101,15,50,15,0,
32013,unit_icon_0168_1_3.png,Nezuko Kamado,,風,支援,4,未覺醒,非常駐,B,10215,659,637,101,15,50,15,0,
31914,unit_icon_0168_1_4.png,Nezuko Kamado,,光,攻擊,4,覺醒,可召喚,B,9390,801,549,101,15,50,15,0,
32014,unit_icon_0168_1_4.png,Nezuko Kamado,,光,攻擊,4,未覺醒,非常駐,B,9390,801,549,101,15,50,15,0,
31911,unit_icon_0168_1_1.png,Nezuko Kamado,,水,體力,5,覺醒,可召喚,B,12180,626,703,101,15,50,15,25,
32011,unit_icon_0168_1_1.png,Nezuko Kamado,,水,體力,5,未覺醒,非常駐,B,12180,626,703,101,15,50,15,25,
31912,unit_icon_0168_1_2.png,Nezuko Kamado,竈門禰豆子,火,支援,5,覺醒,可召喚,B,10875,714,703,101,30,50,15,0,
32012,unit_icon_0168_1_2.png,Nezuko Kamado,,火,支援,5,未覺醒,非常駐,B,10875,714,703,101,30,50,15,0,
31915,unit_icon_0168_1_5.png,Nezuko Kamado,竈門禰豆子,暗,支援,5,覺醒,可召喚,B,11040,692,714,101,15,50,15,25,
32015,unit_icon_0168_1_5.png,Nezuko Kamado,,暗,支援,5,未覺醒,非常駐,B,11040,692,714,101,15,50,15,25,
16511,unit_icon_0025_0_2.png,Nickel,,水,防禦,3,覺醒,可召喚,C,9060,516,692,98,30,50,15,0,Water Scroll / Mystical Scroll or Crystal Summon / Unknown Scroll or Social Summon
16531,unit_icon_0125_3_1.png,Nickel,,水,防禦,3,二次覺醒,可召喚,B,9885,582,790,98,30,50,15,0,
16115,unit_icon_0022_4_4.png,Nicki,,暗,攻擊,5,覺醒,可召喚,B,10215,812,648,105,15,50,40,0,Scroll of Light and Darkness
35203,unit_icon_0216_1_3.png,Night Fang,,風,體力,4,未覺醒,非常駐,C,10215,582,549,101,15,50,15,0,
35213,unit_icon_0216_1_3.png,Night Fang,,風,體力,4,覺醒,可召喚,B,11370,637,582,102,15,50,15,0,
35204,unit_icon_0216_1_4.png,Night Fang,,光,體力,4,未覺醒,非常駐,C,10710,549,549,101,15,50,15,0,
35214,unit_icon_0216_1_4.png,Night Fang,,光,體力,4,覺醒,可召喚,B,11535,604,604,102,15,50,15,0,
35201,unit_icon_0216_1_1.png,Night Fang,,水,體力,5,未覺醒,非常駐,B,11535,604,604,101,15,50,15,0,
35211,unit_icon_0216_1_1.png,Night Fang,,水,體力,5,覺醒,可召喚,B,12840,648,637,102,15,50,15,25,
35202,unit_icon_0216_1_2.png,Night Fang,,火,體力,5,未覺醒,非常駐,B,11535,593,615,101,15,50,15,0,
35212,unit_icon_0216_1_2.png,Night Fang,,火,體力,5,覺醒,可召喚,B,12675,626,670,102,30,50,15,0,
35205,unit_icon_0216_1_5.png,Night Fang,,暗,體力,5,未覺醒,非常駐,B,11700,582,615,101,15,50,15,0,
35215,unit_icon_0216_1_5.png,Night Fang,,暗,體力,5,覺醒,可召喚,B,13005,615,659,102,15,50,15,25,
18614,unit_icon_0031_3_1.png,Nigong,,光,體力,5,覺醒,可召喚,B,12840,670,615,103,15,50,40,0,Scroll of Light and Darkness
33412,unit_icon_0184_1_2.png,Nina Williams,,火,攻擊,4,覺醒,可召喚,B,9885,758,560,105,15,50,15,0,
33413,unit_icon_0184_1_3.png,Nina Williams,,風,攻擊,4,覺醒,可召喚,B,10050,736,571,105,15,50,15,0,
33411,unit_icon_0184_1_1.png,Nina Williams,,水,支援,5,覺醒,可召喚,B,10875,736,681,105,15,50,15,25,
33414,unit_icon_0184_1_4.png,Nina Williams,妮娜·威廉斯,光,支援,5,覺醒,可召喚,B,10545,725,714,105,15,50,15,25,
33415,unit_icon_0184_1_5.png,Nina Williams,,暗,支援,5,覺醒,可召喚,B,11040,714,692,105,30,50,15,0,
11201,unit_icon_0004_0_2.png,Nine-tailed Fox,,水,攻擊,4,未覺醒,可召喚,C,7410,769,549,101,15,50,15,0,Guild Shop / Legendary Scroll / Water Scroll / Mystical Scroll or Crystal Summon
11202,unit_icon_0004_1_2.png,Nine-tailed Fox,,火,攻擊,4,未覺醒,可召喚,C,8730,692,538,101,15,50,15,0,Guild Shop / Legendary Scroll / Fire Scroll / Mystical Scroll or Crystal Summon
11203,unit_icon_0004_2_2.png,Nine-tailed Fox,,風,攻擊,4,未覺醒,可召喚,C,8730,845,384,101,15,50,15,0,Fusion / Legendary Scroll / Wind Scroll / Mystical Scroll or Crystal Summon
11204,unit_icon_0004_3_2.png,Nine-tailed Fox,,光,攻擊,4,未覺醒,可召喚,C,9720,626,538,101,15,50,15,0,Scroll of Light and Darkness
11205,unit_icon_0004_4_2.png,Nine-tailed Fox,,暗,攻擊,4,未覺醒,可召喚,C,8235,812,450,101,15,50,15,0,Scroll of Light and Darkness
13501,unit_icon_0013_0_2.png,Ninja,,水,攻擊,4,未覺醒,可召喚,C,7080,845,494,106,15,50,15,0,Fusion / Legendary Scroll / Water Scroll / Mystical Scroll or Crystal Summon
13502,unit_icon_0013_1_2.png,Ninja,,火,攻擊,4,未覺醒,可召喚,C,7575,834,472,106,15,50,15,0,Legendary Scroll / Fire Scroll / Mystical Scroll or Crystal Summon
13503,unit_icon_0013_2_2.png,Ninja,,風,體力,4,未覺醒,可召喚,B,10050,703,439,106,15,50,15,0,Legendary Scroll / Wind Scroll / Mystical Scroll or Crystal Summon
13504,unit_icon_0013_3_2.png,Ninja,,光,攻擊,4,未覺醒,可召喚,C,8235,758,505,106,15,50,15,0,Scroll of Light and Darkness
13505,unit_icon_0013_4_2.png,Ninja,,暗,體力,5,未覺醒,可召喚,B,11040,736,505,106,15,50,15,0,Scroll of Light and Darkness
22112,unit_icon_0046_1_1.png,Nisha,,火,支援,4,覺醒,可召喚,B,11370,549,670,104,15,50,15,0,Legendary Scroll / Fire Scroll / Mystical Scroll or Crystal Summon
30612,unit_icon_0156_1_2.png,Nobara Kugisaki,,火,體力,4,覺醒,可召喚,B,11370,604,615,102,15,50,15,0,
30615,unit_icon_0156_1_5.png,Nobara Kugisaki,,暗,攻擊,4,覺醒,可召喚,B,9885,769,549,102,15,50,15,0,
30611,unit_icon_0156_1_1.png,Nobara Kugisaki,,水,攻擊,5,覺醒,可召喚,B,10545,780,659,102,15,50,15,25,
30613,unit_icon_0156_1_3.png,Nobara Kugisaki,釘崎 野薔薇,風,體力,5,覺醒,可召喚,S,12015,670,670,102,15,50,15,25,
30614,unit_icon_0156_1_4.png,Nobara Kugisaki,釘崎 野薔薇,光,體力,5,覺醒,可召喚,B,12180,626,703,102,15,50,40,0,
29913,unit_icon_0153_1_3.png,Nobella,,風,支援,4,覺醒,可召喚,B,10545,604,670,101,15,50,15,0,
25612,unit_icon_0078_1_2.png,Nora,,火,支援,5,覺醒,可召喚,B,10875,769,648,99,15,50,15,25,
20311,unit_icon_0038_0_3.png,Nubia,,水,體力,3,覺醒,可召喚,C,10710,494,604,97,15,50,15,0,Guild Shop / Water Scroll / Mystical Scroll or Crystal Summon / Unknown Scroll or Social Summon
21115,unit_icon_0040_4_3.png,Nyx,尼克斯,暗,支援,5,覺醒,可召喚,A,11535,681,692,101,15,50,15,25,Scroll of Light and Darkness
21114,unit_icon_0040_3_3.png,Oberon,,光,攻擊,5,覺醒,可召喚,B,10050,790,681,101,30,50,15,0,Scroll of Light and Darkness
16101,unit_icon_0022_0_3.png,Occult Girl,,水,支援,5,未覺醒,可召喚,S,9885,659,659,104,15,50,15,0,Legendary Scroll / Water Scroll / Mystical Scroll or Crystal Summon
16102,unit_icon_0022_1_3.png,Occult Girl,,火,攻擊,5,未覺醒,可召喚,A,9555,714,626,104,15,50,15,0,Legendary Scroll / Fire Scroll / Mystical Scroll or Crystal Summon
16103,unit_icon_0022_2_3.png,Occult Girl,,風,攻擊,5,未覺醒,可召喚,A,10380,692,593,104,15,50,15,0,Legendary Scroll / Wind Scroll / Mystical Scroll or Crystal Summon
16104,unit_icon_0022_3_3.png,Occult Girl,,光,體力,5,未覺醒,可召喚,A,10875,637,615,104,15,50,15,0,Scroll of Light and Darkness
16105,unit_icon_0022_4_3.png,Occult Girl,,暗,攻擊,5,未覺醒,可召喚,B,9390,703,648,104,15,50,15,0,Scroll of Light and Darkness
22613,unit_icon_0047_2_2.png,Odin,,風,攻擊,5,覺醒,可召喚,B,10215,747,714,102,15,50,40,0,Legendary Scroll / Wind Scroll / Mystical Scroll or Crystal Summon
19712,unit_icon_0035_1_3.png,Okeanos,奧克阿諾斯,火,攻擊,5,覺醒,可召喚,A,10710,769,659,101,30,50,15,0,Legendary Scroll / Fire Scroll / Mystical Scroll or Crystal Summon
35001,unit_icon_0215_1_1.png,Old Wood,,水,支援,5,未覺醒,非常駐,B,10875,538,714,99,15,50,15,0,
35011,unit_icon_0215_1_1.png,Old Wood,,水,支援,5,覺醒,可召喚,B,11850,571,780,100,15,50,40,0,
35002,unit_icon_0215_1_2.png,Old Wood,,火,支援,5,未覺醒,非常駐,B,10545,648,626,99,15,50,15,0,
35012,unit_icon_0215_1_2.png,Old Wood,,火,支援,5,覺醒,可召喚,B,11535,703,670,100,15,50,15,25,
35003,unit_icon_0215_1_3.png,Old Wood,,風,支援,5,未覺醒,非常駐,B,10710,527,736,99,15,50,15,0,
35013,unit_icon_0215_1_3.png,Old Wood,,風,支援,5,覺醒,可召喚,B,11700,593,769,115,15,50,15,0,
35004,unit_icon_0215_1_4.png,Old Wood,,光,支援,5,未覺醒,非常駐,B,11205,538,692,99,15,50,15,0,
35014,unit_icon_0215_1_4.png,Old Wood,,光,支援,5,覺醒,可召喚,B,12180,571,758,100,15,50,40,0,
35114,unit_icon_0215_1_4.png,Old Wood,,光,支援,5,覺醒,非常駐,B,12180,571,758,100,15,50,40,0,
35005,unit_icon_0215_1_5.png,Old Wood,,暗,攻擊,5,未覺醒,非常駐,B,9555,769,571,99,15,50,15,0,
35015,unit_icon_0215_1_5.png,Old Wood,,暗,攻擊,5,覺醒,可召喚,B,10380,845,604,100,30,50,15,0,
25313,unit_icon_0076_1_3.png,Oliver,奧利佛,風,攻擊,5,覺醒,可召喚,S,10710,812,615,105,15,50,15,25,
20113,unit_icon_0037_2_1.png,Olivia,,風,支援,4,覺醒,可召喚,B,10380,681,604,104,15,50,15,0,Legendary Scroll / Wind Scroll / Mystical Scroll or Crystal Summon
19013,unit_icon_0033_2_1.png,Olivine,,風,防禦,3,覺醒,可召喚,C,10050,461,681,99,15,50,15,0,Wind Scroll / Mystical Scroll or Crystal Summon / Unknown Scroll or Social Summon
28011,unit_icon_0115_1_1.png,Omar,,水,支援,4,覺醒,可召喚,B,10050,714,593,103,15,50,15,0,
25115,unit_icon_0073_1_5.png,Ongyouki,隱形鬼,暗,攻擊,5,覺醒,可召喚,B,9885,878,604,115,15,50,15,0,Scroll of Light and Darkness
25101,unit_icon_0073_0_1.png,Onimusha,,水,攻擊,4,未覺醒,可召喚,C,8895,659,560,99,15,50,15,0,Legendary Scroll / Water Scroll / Mystical Scroll or Crystal Summon
25102,unit_icon_0073_0_2.png,Onimusha,,火,攻擊,4,未覺醒,可召喚,C,7905,714,571,99,15,50,15,0,Legendary Scroll / Fire Scroll / Mystical Scroll or Crystal Summon
25103,unit_icon_0073_0_3.png,Onimusha,,風,體力,4,未覺醒,可召喚,C,10215,637,494,99,15,50,15,0,Legendary Scroll / Wind Scroll / Mystical Scroll or Crystal Summon
25104,unit_icon_0073_0_4.png,Onimusha,,光,體力,4,未覺醒,可召喚,C,9885,648,505,99,15,50,15,0,Scroll of Light and Darkness
25105,unit_icon_0073_0_5.png,Onimusha,,暗,攻擊,5,未覺醒,可召喚,B,9555,758,582,99,15,50,15,0,Scroll of Light and Darkness
25001,unit_icon_0072_0_1.png,Onmyouji,,水,支援,5,未覺醒,可召喚,A,10050,626,681,102,15,50,15,0,
25002,unit_icon_0072_0_2.png,Onmyouji,,火,支援,5,未覺醒,可召喚,B,10545,582,692,102,15,50,15,0,Legendary Scroll / Fire Scroll / Mystical Scroll or Crystal Summon
25003,unit_icon_0072_0_3.png,Onmyouji,,風,支援,5,未覺醒,可召喚,B,10215,593,703,102,15,50,15,0,Legendary Scroll / Wind Scroll / Mystical Scroll or Crystal Summon
25004,unit_icon_0072_0_4.png,Onmyouji,,光,支援,5,未覺醒,可召喚,S,10380,615,670,102,15,50,15,0,Scroll of Light and Darkness
25005,unit_icon_0072_0_5.png,Onmyouji,,暗,支援,5,未覺醒,可召喚,S,11040,582,659,102,15,50,15,0,Scroll of Light and Darkness
23315,unit_icon_0052_4_2.png,Onyx,,暗,防禦,4,覺醒,可召喚,C,9390,494,856,93,15,50,15,0,Scroll of Light and Darkness
21812,unit_icon_0044_1_4.png,Ophilia,,火,體力,5,覺醒,可召喚,B,12510,637,670,102,15,50,15,0,Legendary Scroll / Fire Scroll / Mystical Scroll or Crystal Summon
15701,unit_icon_0022_0_0.png,Oracle,,水,支援,5,未覺醒,可召喚,A,10215,637,659,99,15,50,15,0,Legendary Scroll / Water Scroll / Mystical Scroll or Crystal Summon
15702,unit_icon_0022_1_0.png,Oracle,,火,支援,5,未覺醒,可召喚,S,9555,670,670,99,15,50,15,0,Legendary Scroll / Fire Scroll / Mystical Scroll or Crystal Summon
15703,unit_icon_0022_2_0.png,Oracle,,風,攻擊,5,未覺醒,可召喚,S,9885,714,604,99,15,50,15,0,Legendary Scroll / Wind Scroll / Mystical Scroll or Crystal Summon
15704,unit_icon_0022_3_0.png,Oracle,,光,支援,5,未覺醒,可召喚,S,10380,692,593,99,15,50,15,0,Scroll of Light and Darkness
15705,unit_icon_0022_4_0.png,Oracle,,暗,攻擊,5,未覺醒,可召喚,S,9720,703,626,99,15,50,15,0,Scroll of Light and Darkness
18011,unit_icon_0028_0_4.png,Orion,,水,支援,4,覺醒,可召喚,B,10215,637,659,106,15,50,15,0,Legendary Scroll / Water Scroll / Mystical Scroll or Crystal Summon
13513,unit_icon_0013_2_3.png,Orochi,,風,體力,4,覺醒,可召喚,B,11535,769,439,107,15,50,15,0,Legendary Scroll / Wind Scroll / Mystical Scroll or Crystal Summon
31313,unit_icon_0175_1_3.png,Orphina,奧菲娜,風,支援,5,覺醒,可召喚,A,10875,736,681,100,15,50,40,0,
21801,unit_icon_0044_0_3.png,Paladin,,水,體力,5,未覺醒,可召喚,S,10875,637,615,101,15,50,15,0,Legendary Scroll / Water Scroll / Mystical Scroll or Crystal Summon
21802,unit_icon_0044_1_3.png,Paladin,,火,體力,5,未覺醒,可召喚,B,11040,604,637,101,15,50,15,0,Legendary Scroll / Fire Scroll / Mystical Scroll or Crystal Summon
21803,unit_icon_0044_2_3.png,Paladin,,風,支援,5,未覺醒,可召喚,B,10710,582,681,101,15,50,15,0,Legendary Scroll / Wind Scroll / Mystical Scroll or Crystal Summon
21804,unit_icon_0044_3_3.png,Paladin,,光,體力,5,未覺醒,可召喚,B,10875,593,659,101,15,50,15,0,Fusion
21805,unit_icon_0044_4_3.png,Paladin,,暗,防禦,5,未覺醒,可召喚,B,9885,604,714,101,15,50,15,0,Scroll of Light and Darkness
21201,unit_icon_0041_0_3.png,Panda Warrior,,水,體力,5,未覺醒,可召喚,B,11205,615,615,95,15,50,15,0,Legendary Scroll / Water Scroll / Mystical Scroll or Crystal Summon
21202,unit_icon_0041_1_3.png,Panda Warrior,,火,防禦,5,未覺醒,可召喚,B,9885,582,736,95,15,50,15,0,Fusion
21203,unit_icon_0041_2_3.png,Panda Warrior,,風,防禦,5,未覺醒,可召喚,A,9720,604,725,95,15,50,15,0,Legendary Scroll / Wind Scroll / Mystical Scroll or Crystal Summon
21204,unit_icon_0041_3_3.png,Panda Warrior,,光,體力,5,未覺醒,可召喚,A,11040,648,593,95,15,50,15,0,Scroll of Light and Darkness
21205,unit_icon_0041_4_3.png,Panda Warrior,,暗,攻擊,5,未覺醒,可召喚,B,9885,714,604,95,15,50,15,0,Scroll of Light and Darkness
15514,unit_icon_0021_3_4.png,Pang,,光,攻擊,4,覺醒,可召喚,B,9885,736,582,104,15,50,15,25,Scroll of Light and Darkness
28311,unit_icon_0118_1_1.png,Parjanya,法爾扎尼亞,水,防禦,5,覺醒,可召喚,B,9885,670,812,106,15,50,15,0,
28411,unit_icon_0118_2_1.png,Parjanya,,水,防禦,5,未覺醒,非常駐,B,9885,670,812,106,15,50,15,0,
22215,unit_icon_0046_4_2.png,Pater,派特爾,暗,體力,5,覺醒,可召喚,B,12015,681,659,102,15,50,15,0,Scroll of Light and Darkness
22315,unit_icon_0052_4_0.png,Pater,,暗,體力,5,未覺醒,非常駐,B,12015,681,659,102,15,50,15,0,
27912,unit_icon_0114_1_2.png,Patrick,,火,攻擊,5,覺醒,可召喚,B,9885,889,593,98,15,50,15,25,
33314,unit_icon_0186_1_4.png,Paul Phoenix,,光,體力,4,覺醒,可召喚,B,11370,626,593,102,15,50,15,0,
33315,unit_icon_0186_1_5.png,Paul Phoenix,,暗,體力,4,覺醒,可召喚,B,11205,648,582,102,15,50,15,0,
33311,unit_icon_0186_1_1.png,Paul Phoenix,,水,體力,5,覺醒,可召喚,B,11850,703,648,102,15,50,40,0,
33312,unit_icon_0186_1_2.png,Paul Phoenix,保羅·菲尼克斯,火,體力,5,覺醒,可召喚,B,12510,681,626,102,15,50,15,25,
33313,unit_icon_0186_1_3.png,Paul Phoenix,,風,體力,5,覺醒,可召喚,B,12180,692,637,102,15,50,15,25,
27112,unit_icon_0098_1_2.png,Pavé,,火,攻擊,4,覺醒,可召喚,B,9720,736,593,103,15,50,15,0,
18701,unit_icon_0031_0_2.png,Penguin Knight,,水,攻擊,3,未覺醒,可召喚,C,8235,615,483,104,15,50,15,0,Water Scroll / Mystical Scroll or Crystal Summon / Unknown Scroll or Social Summon
18702,unit_icon_0031_1_2.png,Penguin Knight,,火,體力,3,未覺醒,可召喚,C,9225,538,494,104,15,50,15,0,Fire Scroll / Mystical Scroll or Crystal Summon / Unknown Scroll or Social Summon
18703,unit_icon_0031_2_2.png,Penguin Knight,,風,體力,3,未覺醒,可召喚,B,9060,582,461,104,15,50,15,0,Wind Scroll / Mystical Scroll or Crystal Summon / Unknown Scroll or Social Summon
18704,unit_icon_0031_3_2.png,Penguin Knight,,光,支援,3,未覺醒,可召喚,C,8565,560,516,104,15,50,15,0,Scroll of Light and Darkness
18705,unit_icon_0031_4_2.png,Penguin Knight,,暗,體力,3,未覺醒,可召喚,C,9060,560,483,104,15,50,15,0,Scroll of Light and Darkness
14512,unit_icon_0017_1_3.png,Perna,,火,體力,5,覺醒,可召喚,A,12345,878,439,114,15,50,15,0,Legendary Scroll / Fire Scroll / Mystical Scroll or Crystal Summon
14101,unit_icon_0015_0_2.png,Phantom Thief,,水,支援,4,未覺醒,可召喚,C,9390,571,615,104,15,50,15,0,Legendary Scroll / Water Scroll / Mystical Scroll or Crystal Summon
14102,unit_icon_0015_1_2.png,Phantom Thief,,火,攻擊,4,未覺醒,可召喚,C,8730,670,560,104,15,50,15,0,Legendary Scroll / Fire Scroll / Mystical Scroll or Crystal Summon
14103,unit_icon_0015_2_2.png,Phantom Thief,,風,攻擊,4,未覺醒,可召喚,C,7410,747,571,104,15,50,15,0,Legendary Scroll / Wind Scroll / Mystical Scroll or Crystal Summon
14104,unit_icon_0015_3_2.png,Phantom Thief,,光,支援,4,未覺醒,可召喚,C,9720,549,615,104,15,50,15,0,Scroll of Light and Darkness
14105,unit_icon_0015_4_2.png,Phantom Thief,,暗,攻擊,4,未覺醒,可召喚,C,8070,703,571,104,15,50,15,0,Scroll of Light and Darkness
23314,unit_icon_0052_3_2.png,Phenaka,,光,防禦,4,覺醒,可召喚,B,9885,505,812,93,15,50,15,0,Scroll of Light and Darkness
14501,unit_icon_0009_0_0.png,Phoenix,,水,攻擊,5,未覺醒,可召喚,S,8730,889,505,98,15,50,15,0,Fusion
14502,unit_icon_0009_1_0.png,Phoenix,,火,體力,5,未覺醒,可召喚,A,9225,834,527,98,15,50,15,0,Legendary Scroll / Fire Scroll / Mystical Scroll or Crystal Summon
14503,unit_icon_0009_2_0.png,Phoenix,,風,攻擊,5,未覺醒,可召喚,B,8400,1010,406,98,15,50,15,0,Legendary Scroll / Wind Scroll / Mystical Scroll or Crystal Summon
14504,unit_icon_0009_3_0.png,Phoenix,,光,攻擊,5,未覺醒,可召喚,B,8565,769,637,98,15,50,15,0,Scroll of Light and Darkness
14505,unit_icon_0009_4_0.png,Phoenix,,暗,攻擊,5,未覺醒,可召喚,B,8235,922,505,98,15,50,15,0,Scroll of Light and Darkness
34113,unit_icon_0193_1_3.png,Pholus,,風,攻擊,4,覺醒,可召喚,B,9060,801,571,104,15,50,15,0,
13901,unit_icon_0014_0_3.png,Pierrette,,水,攻擊,4,未覺醒,可召喚,C,9720,758,406,102,15,50,15,0,Guild Shop / Legendary Scroll / Water Scroll / Mystical Scroll or Crystal Summon
13902,unit_icon_0014_1_3.png,Pierrette,,火,攻擊,4,未覺醒,可召喚,C,10215,670,461,102,15,50,15,0,Guild Shop / Legendary Scroll / Fire Scroll / Mystical Scroll or Crystal Summon
13903,unit_icon_0014_2_3.png,Pierrette,,風,攻擊,4,未覺醒,可召喚,C,8730,812,417,102,15,50,15,0,Guild Shop / Legendary Scroll / Wind Scroll / Mystical Scroll or Crystal Summon
13904,unit_icon_0014_3_3.png,Pierrette,,光,攻擊,4,未覺醒,可召喚,C,8895,626,593,102,15,50,15,0,Scroll of Light and Darkness
13905,unit_icon_0014_4_3.png,Pierrette,,暗,攻擊,4,未覺醒,可召喚,C,7575,801,505,102,15,50,15,0,Scroll of Light and Darkness
15813,unit_icon_0007_2_1.png,Pigma,,風,防禦,3,覺醒,可召喚,C,9060,593,615,102,30,50,15,0,Wind Scroll / Mystical Scroll or Crystal Summon / Unknown Scroll or Social Summon
19401,unit_icon_0033_0_4.png,Pirate Captain,,水,體力,4,未覺醒,可召喚,S,10380,659,461,107,15,50,15,0,Legendary Scroll / Water Scroll / Mystical Scroll or Crystal Summon
19402,unit_icon_0033_1_4.png,Pirate Captain,,火,攻擊,4,未覺醒,可召喚,B,9555,769,406,107,15,50,15,0,Legendary Scroll / Fire Scroll / Mystical Scroll or Crystal Summon
19403,unit_icon_0033_2_4.png,Pirate Captain,,風,攻擊,4,未覺醒,可召喚,C,9060,681,527,107,15,50,15,0,Legendary Scroll / Wind Scroll / Mystical Scroll or Crystal Summon
19404,unit_icon_0033_3_4.png,Pirate Captain,,光,攻擊,4,未覺醒,可召喚,C,8895,703,516,107,15,50,15,0,Scroll of Light and Darkness
19405,unit_icon_0033_4_4.png,Pirate Captain,,暗,支援,4,未覺醒,可召喚,C,9885,571,582,107,15,50,15,0,Scroll of Light and Darkness
10301,unit_icon_0000_0_4.png,Pixie,,水,支援,2,未覺醒,可召喚,D,8235,494,439,110,15,50,15,0,Magic Shop / Secret Dungeon / Unknown Scroll or Social Summon
10302,unit_icon_0000_1_4.png,Pixie,,火,攻擊,2,未覺醒,可召喚,D,6090,637,439,110,15,50,15,0,Magic Shop / Secret Dungeon / Unknown Scroll or Social Summon
10303,unit_icon_0000_2_4.png,Pixie,,風,支援,2,未覺醒,可召喚,A,7410,472,516,110,15,50,15,0,Magic Shop / Secret Dungeon / Unknown Scroll or Social Summon
10304,unit_icon_0000_3_4.png,Pixie,,光,支援,2,未覺醒,可召喚,D,7245,549,450,110,15,50,15,0,Secret Dungeon
10305,unit_icon_0000_4_4.png,Pixie,,暗,攻擊,2,未覺醒,可召喚,D,6915,593,428,110,15,50,15,0,Secret Dungeon
19612,unit_icon_0035_1_0.png,Platy,,火,支援,4,覺醒,可召喚,B,11205,604,626,95,15,50,15,0,Legendary Scroll / Fire Scroll / Mystical Scroll or Crystal Summon
24801,unit_icon_0064_0_1.png,Poison Master,,水,攻擊,4,未覺醒,可召喚,C,8895,670,549,100,15,50,15,0,Legendary Scroll / Water Scroll / Mystical Scroll or Crystal Summon
24802,unit_icon_0064_0_2.png,Poison Master,,火,支援,4,未覺醒,可召喚,C,9720,582,582,100,15,50,15,0,Legendary Scroll / Fire Scroll / Mystical Scroll or Crystal Summon
24803,unit_icon_0064_0_3.png,Poison Master,,風,攻擊,4,未覺醒,可召喚,C,8400,681,571,100,15,50,15,0,Legendary Scroll / Wind Scroll / Mystical Scroll or Crystal Summon
24804,unit_icon_0064_0_4.png,Poison Master,,光,支援,4,未覺醒,可召喚,C,9555,648,527,100,15,50,15,0,Scroll of Light and Darkness
24805,unit_icon_0064_0_5.png,Poison Master,,暗,防禦,4,未覺醒,可召喚,C,8895,571,648,100,15,50,15,0,Scroll of Light and Darkness
18901,unit_icon_0033_0_2.png,Polar Queen,,水,攻擊,5,未覺醒,可召喚,B,9225,692,670,95,15,50,15,0,Legendary Scroll / Water Scroll / Mystical Scroll or Crystal Summon
18902,unit_icon_0033_1_2.png,Polar Queen,,火,攻擊,5,未覺醒,可召喚,B,9885,725,593,95,15,50,15,0,Legendary Scroll / Fire Scroll / Mystical Scroll or Crystal Summon
18903,unit_icon_0033_2_2.png,Polar Queen,,風,支援,5,未覺醒,可召喚,A,10380,692,593,95,15,50,15,0,Legendary Scroll / Wind Scroll / Mystical Scroll or Crystal Summon
18904,unit_icon_0033_3_2.png,Polar Queen,,光,支援,5,未覺醒,可召喚,B,10215,637,659,95,15,50,15,0,Scroll of Light and Darkness
18905,unit_icon_0033_4_2.png,Polar Queen,,暗,攻擊,5,未覺醒,可召喚,B,9720,703,626,95,15,50,15,0,Scroll of Light and Darkness
19714,unit_icon_0035_3_3.png,Pontos,龐多斯,光,支援,5,覺醒,可召喚,B,12345,604,714,101,15,50,40,0,Scroll of Light and Darkness
19711,unit_icon_0035_0_3.png,Poseidon,,水,攻擊,5,覺醒,可召喚,B,10050,790,681,101,15,50,15,25,Legendary Scroll / Water Scroll / Mystical Scroll or Crystal Summon
15711,unit_icon_0022_0_1.png,Praha,,水,支援,5,覺醒,可召喚,A,11040,692,714,100,15,50,15,25,Legendary Scroll / Water Scroll / Mystical Scroll or Crystal Summon
27113,unit_icon_0098_1_3.png,Praline,,風,體力,4,覺醒,可召喚,B,10710,659,604,103,15,50,15,0,
10513,unit_icon_0001_2_4.png,Prilea,,風,攻擊,3,覺醒,可召喚,C,8235,736,527,105,15,50,15,0,Kabir Ruins / Wind Scroll / Mystical Scroll or Crystal Summon / Unknown Scroll or Social Summon
10814,unit_icon_0003_3_0.png,Priz,,光,攻擊,3,覺醒,可召喚,C,8235,692,571,107,30,50,15,0,Scroll of Light and Darkness
16014,unit_icon_0018_3_4.png,Prom,,光,攻擊,3,覺醒,可召喚,C,7905,911,373,94,15,50,15,0,Scroll of Light and Darkness
16034,unit_icon_0071_3_3.png,Prom,,光,攻擊,3,二次覺醒,可召喚,B,9060,955,472,94,15,50,15,0,Scroll of Light and Darkness
21111,unit_icon_0040_0_3.png,Psamathe,普薩瑪特,水,攻擊,5,覺醒,可召喚,B,9720,856,637,101,30,50,15,0,Legendary Scroll / Water Scroll / Mystical Scroll or Crystal Summon
26801,unit_icon_0099_0_1.png,Pudding Princess,,水,支援,5,未覺醒,可召喚,A,9885,670,648,95,15,50,15,0,
26802,unit_icon_0099_0_2.png,Pudding Princess,,火,支援,5,未覺醒,可召喚,A,10050,637,670,95,15,50,15,0,
26803,unit_icon_0099_0_3.png,Pudding Princess,,風,支援,5,未覺醒,可召喚,A,10380,626,659,95,15,50,15,0,
26804,unit_icon_0099_0_4.png,Pudding Princess,,光,支援,5,未覺醒,可召喚,B,10215,604,692,95,15,50,15,0,
26805,unit_icon_0099_0_5.png,Pudding Princess,,暗,支援,5,未覺醒,可召喚,B,9720,692,637,95,15,50,15,0,
18613,unit_icon_0031_2_1.png,Pungbaek,,風,體力,5,覺醒,可召喚,B,12180,812,516,103,30,50,15,0,Legendary Scroll / Wind Scroll / Mystical Scroll or Crystal Summon
27201,unit_icon_0106_0_1.png,Puppeteer,,水,支援,5,未覺醒,可召喚,B,10215,692,604,99,15,50,15,0,
27202,unit_icon_0106_0_2.png,Puppeteer,,火,攻擊,5,未覺醒,可召喚,B,8730,790,604,99,15,50,15,0,
27203,unit_icon_0106_0_3.png,Puppeteer,,風,攻擊,5,未覺醒,可召喚,B,9060,747,626,99,15,50,15,0,
27204,unit_icon_0106_0_4.png,Puppeteer,,光,支援,5,未覺醒,可召喚,A,10380,615,670,99,15,50,15,0,
27205,unit_icon_0106_0_5.png,Puppeteer,,暗,支援,5,未覺醒,可召喚,A,9885,736,582,99,15,50,15,0,
26311,unit_icon_0093_1_1.png,Pure Vanilla Cookie,,水,支援,5,覺醒,可召喚,B,10710,736,692,111,15,50,15,0,
26312,unit_icon_0093_1_2.png,Pure Vanilla Cookie,,火,支援,5,覺醒,可召喚,B,10875,681,736,96,15,50,40,0,
26313,unit_icon_0093_1_3.png,Pure Vanilla Cookie,,風,支援,5,覺醒,可召喚,B,11205,670,725,96,15,50,40,0,
26314,unit_icon_0093_1_4.png,Pure Vanilla Cookie,,光,支援,5,覺醒,可召喚,B,11040,659,747,96,15,50,15,0,
26315,unit_icon_0093_1_5.png,Pure Vanilla Cookie,,暗,支援,5,覺醒,可召喚,B,10545,747,692,96,15,50,40,0,
11711,unit_icon_0006_0_3.png,Purian,,水,攻擊,3,覺醒,可召喚,C,7410,780,538,98,15,50,15,0,Secret Dungeon / Water Scroll / Mystical Scroll or Crystal Summon / Unknown Scroll or Social Summon
11731,unit_icon_0212_3_1.png,Purian,,水,攻擊,3,二次覺醒,可召喚,B,8565,823,637,98,15,50,15,0,
20611,unit_icon_0039_0_0.png,Qebehsenuef,,水,支援,4,覺醒,可召喚,B,10545,615,659,102,15,50,15,0,Fusion / Legendary Scroll / Water Scroll / Mystical Scroll or Crystal Summon
32902,unit_icon_0181_1_2.png,Qilin Slasher,,火,攻擊,4,未覺醒,非常駐,C,8400,681,571,105,15,50,15,0,
32912,unit_icon_0181_1_2.png,Qilin Slasher,,火,攻擊,4,覺醒,可召喚,B,9225,758,604,106,15,50,15,25,
32904,unit_icon_0181_1_4.png,Qilin Slasher,,光,攻擊,4,未覺醒,非常駐,C,8235,703,560,105,15,50,15,0,
32914,unit_icon_0181_1_4.png,Qilin Slasher,,光,攻擊,4,覺醒,可召喚,B,8895,769,615,106,15,50,15,25,
32901,unit_icon_0181_1_1.png,Qilin Slasher,,水,攻擊,5,未覺醒,非常駐,B,9390,769,582,105,15,50,15,0,
32911,unit_icon_0181_1_1.png,Qilin Slasher,,水,攻擊,5,覺醒,可召喚,B,10050,845,626,106,30,50,15,0,
32903,unit_icon_0181_1_3.png,Qilin Slasher,,風,攻擊,5,未覺醒,非常駐,B,9060,769,604,105,15,50,15,0,
32913,unit_icon_0181_1_3.png,Qilin Slasher,,風,攻擊,5,覺醒,可召喚,B,9720,856,637,106,30,50,15,0,
32905,unit_icon_0181_1_5.png,Qilin Slasher,,暗,攻擊,5,未覺醒,非常駐,B,9225,758,604,105,15,50,15,0,
32915,unit_icon_0181_1_5.png,Qilin Slasher,,暗,攻擊,5,覺醒,可召喚,B,9885,834,648,106,30,50,15,0,
16814,unit_icon_0025_3_4.png,Qitian Dasheng,,光,支援,5,覺醒,可召喚,B,10710,714,714,114,15,50,15,0,Scroll of Light and Darkness
21012,unit_icon_0041_1_2.png,Racuni,拉庫尼,火,支援,3,覺醒,可召喚,A,9885,571,582,105,15,50,40,0,Fire Scroll / Mystical Scroll or Crystal Summon / Unknown Scroll or Social Summon
16615,unit_icon_0025_4_0.png,Ragdoll,萊克多爾,暗,支援,5,覺醒,可召喚,A,11535,714,659,100,30,50,15,0,Scroll of Light and Darkness
11413,unit_icon_0005_2_2.png,Ragion,,風,防禦,3,覺醒,可召喚,C,10215,428,703,92,15,50,15,0,Secret Dungeon / Wind Scroll / Mystical Scroll or Crystal Summon / Unknown Scroll or Social Summon
17415,unit_icon_0027_4_1.png,Rahul,,暗,體力,5,覺醒,可召喚,B,12840,659,626,101,15,50,15,0,Scroll of Light and Darkness
14314,unit_icon_0012_4_0.png,Rainbowmon,,光,素材,1,覺醒,可召喚,D,165,11,11,0,0,0,0,0,Rainbow Garden / Hall of Magic / Guild Shop / Trial of Ascension
10413,unit_icon_0001_2_2.png,Rakaja,,風,防禦,2,覺醒,可召喚,D,8235,483,615,101,15,50,15,0,Magic Shop / Secret Dungeon / Unknown Scroll or Social Summon
14612,unit_icon_0017_1_2.png,Rakan,,火,體力,5,覺醒,可召喚,B,11700,725,637,95,15,50,15,25,Legendary Scroll / Fire Scroll / Mystical Scroll or Crystal Summon
17912,unit_icon_0023_1_1.png,Raki,,火,攻擊,5,覺醒,可召喚,B,10050,856,615,104,30,50,15,0,Legendary Scroll / Fire Scroll / Mystical Scroll or Crystal Summon
15501,unit_icon_0021_0_3.png,Rakshasa,,水,攻擊,4,未覺醒,可召喚,C,9225,681,516,103,15,50,15,0,Guild Shop / Legendary Scroll / Water Scroll / Mystical Scroll or Crystal Summon
15502,unit_icon_0021_1_3.png,Rakshasa,,火,攻擊,4,未覺醒,可召喚,C,8565,703,538,103,15,50,15,0,Guild Shop / Legendary Scroll / Fire Scroll / Mystical Scroll or Crystal Summon
15503,unit_icon_0021_2_3.png,Rakshasa,,風,攻擊,4,未覺醒,可召喚,C,9555,692,483,103,15,50,15,0,Guild Shop / Legendary Scroll / Wind Scroll / Mystical Scroll or Crystal Summon
15504,unit_icon_0021_3_3.png,Rakshasa,,光,攻擊,4,未覺醒,可召喚,C,9225,670,527,103,15,50,15,0,Scroll of Light and Darkness
15505,unit_icon_0021_4_3.png,Rakshasa,,暗,攻擊,4,未覺醒,可召喚,C,9885,659,494,103,15,50,15,0,Scroll of Light and Darkness
10213,unit_icon_0000_2_3.png,Ralph,,風,攻擊,2,覺醒,可召喚,D,5595,790,483,113,15,50,15,0,Mt. Runar / Magic Shop / Secret Dungeon / Unknown Scroll or Social Summon
29111,unit_icon_0136_1_1.png,Ramael and Judiah,拉麥爾與朱迪亞,水,支援,5,覺醒,可召喚,B,11205,714,681,102,15,50,15,25,
10713,unit_icon_0002_2_3.png,Ramagos,,風,體力,2,覺醒,可召喚,S,10545,384,560,102,15,50,15,0,Chiruka Remains / Magic Shop / Secret Dungeon / Unknown Scroll or Social Summon
10733,unit_icon_0051_2_2.png,Ramagos,,風,體力,2,二次覺醒,可召喚,S,11535,549,714,102,15,50,15,0,Chiruka Remains / Magic Shop / Secret Dungeon / Unknown Scroll or Social Summon
11013,unit_icon_0003_2_4.png,Ramahan,,風,防禦,3,覺醒,可召喚,C,9555,472,703,108,15,50,15,0,Telain Forest / Wind Scroll / Mystical Scroll or Crystal Summon / Unknown Scroll or Social Summon
11033,unit_icon_0051_2_3.png,Ramahan,,風,防禦,3,二次覺醒,可召喚,B,10050,549,812,108,15,50,15,0,Telain Forest / Wind Scroll / Mystical Scroll or Crystal Summon / Unknown Scroll or Social Summon
10511,unit_icon_0001_0_4.png,Ramira,,水,攻擊,3,覺醒,可召喚,C,8565,736,505,105,15,50,40,0,Secret Dungeon / Water Scroll / Mystical Scroll or Crystal Summon / Unknown Scroll or Social Summon
31414,unit_icon_0176_1_4.png,Ramon,,光,體力,4,覺醒,可召喚,B,11370,571,648,98,15,50,15,25,
15515,unit_icon_0021_4_4.png,Ran,,暗,攻擊,4,覺醒,可召喚,B,10545,747,527,104,30,50,15,0,Scroll of Light and Darkness
15612,unit_icon_0021_1_2.png,Randy,,火,攻擊,3,覺醒,可召喚,C,9060,626,582,110,15,50,15,0,Fire Scroll / Mystical Scroll or Crystal Summon / Unknown Scroll or Social Summon
11012,unit_icon_0003_1_4.png,Raoq,,火,攻擊,3,覺醒,可召喚,B,9060,681,527,108,15,50,15,0,Faimon Volcano / Fire Scroll / Mystical Scroll or Crystal Summon / Unknown Scroll or Social Summon
11032,unit_icon_0051_1_3.png,Raoq,,火,攻擊,3,二次覺醒,可召喚,B,9720,801,582,108,15,50,15,0,Faimon Volcano / Fire Scroll / Mystical Scroll or Crystal Summon / Unknown Scroll or Social Summon
15315,unit_icon_0020_4_1.png,Rasheed,,暗,體力,3,覺醒,可召喚,C,10875,538,549,96,15,50,40,0,Scroll of Light and Darkness
21013,unit_icon_0041_2_2.png,Raviti,,風,支援,4,覺醒,可召喚,B,10545,527,747,120,15,50,15,0,Legendary Scroll / Wind Scroll / Mystical Scroll or Crystal Summon
15912,unit_icon_0023_1_3.png,Rebecca,,火,支援,3,覺醒,可召喚,C,9555,626,549,97,15,50,15,0,Fire Scroll / Mystical Scroll or Crystal Summon / Unknown Scroll or Social Summon
15932,unit_icon_0083_3_2.png,Rebecca,,火,支援,3,二次覺醒,可召喚,B,10710,703,615,97,15,50,15,0,
14212,unit_icon_0019_1_0.png,Red Angelmon,,火,素材,1,覺醒,可召喚,D,165,11,11,0,0,0,0,0,Angel Garden / Hall of Fire / Glory Shop
18212,unit_icon_0030_1_2.png,Red King Angelmon,,火,素材,1,覺醒,可召喚,D,165,11,11,0,0,0,0,0,In-App Purchase / World Boss
21011,unit_icon_0041_0_2.png,Remy,,水,支援,3,覺醒,可召喚,C,9555,505,670,105,15,50,15,25,Water Scroll / Mystical Scroll or Crystal Summon / Unknown Scroll or Social Summon
25912,unit_icon_0086_1_2.png,Ren,,火,攻擊,5,覺醒,可召喚,B,10545,845,593,120,15,50,15,0,
21311,unit_icon_0043_0_0.png,Reno,里諾,水,攻擊,4,覺醒,可召喚,B,9060,780,593,102,15,50,15,0,Legendary Scroll / Water Scroll / Mystical Scroll or Crystal Summon
31412,unit_icon_0176_1_2.png,Rex,,火,體力,4,覺醒,可召喚,B,11040,582,659,113,15,50,15,0,
29712,unit_icon_0151_1_2.png,Reyka,,火,攻擊,4,覺醒,可召喚,B,9720,801,527,106,15,50,15,0,
34111,unit_icon_0193_1_1.png,Rhoetus,,水,攻擊,4,覺醒,可召喚,B,9555,758,582,104,15,50,15,0,
16112,unit_icon_0022_1_4.png,Rica,,火,攻擊,5,覺醒,可召喚,A,10215,823,637,105,15,50,15,25,Legendary Scroll / Fire Scroll / Mystical Scroll or Crystal Summon
31003,unit_icon_0163_1_3.png,Rick,,風,攻擊,4,未覺醒,非常駐,B,9060,790,582,104,15,50,15,0,
31013,unit_icon_0163_1_3.png,Rick,,風,攻擊,4,覺醒,可召喚,B,9060,790,582,104,15,50,15,0,
31004,unit_icon_0163_1_4.png,Rick,,光,攻擊,4,未覺醒,非常駐,B,9555,769,571,104,15,50,15,0,
31014,unit_icon_0163_1_4.png,Rick,,光,攻擊,4,覺醒,可召喚,B,9555,769,571,104,15,50,15,0,
31001,unit_icon_0163_1_1.png,Rick,,水,攻擊,5,未覺醒,非常駐,B,10215,834,626,104,30,50,15,0,
31011,unit_icon_0163_1_1.png,Rick,,水,攻擊,5,覺醒,可召喚,B,10215,834,626,104,30,50,15,0,
31002,unit_icon_0163_1_2.png,Rick,,火,攻擊,5,未覺醒,非常駐,B,9885,878,604,104,30,50,15,0,
31012,unit_icon_0163_1_2.png,Rick,,火,攻擊,5,覺醒,可召喚,B,9885,878,604,104,30,50,15,0,
31005,unit_icon_0163_1_5.png,Rick,,暗,攻擊,5,未覺醒,非常駐,B,10050,867,604,104,30,50,15,0,
31015,unit_icon_0163_1_5.png,Rick,,暗,攻擊,5,覺醒,可召喚,B,10050,867,604,104,30,50,15,0,
16311,unit_icon_0024_0_1.png,Rigel,,水,支援,4,覺醒,可召喚,B,10710,637,626,96,15,50,15,0,Legendary Scroll / Water Scroll / Mystical Scroll or Crystal Summon
29711,unit_icon_0151_1_1.png,Rigna,,水,攻擊,5,覺醒,可召喚,B,9885,900,582,106,15,50,40,0,
25613,unit_icon_0078_1_3.png,Riley,拉伊里,風,支援,5,覺醒,可召喚,A,11850,637,714,99,15,50,40,0,
15311,unit_icon_0020_0_1.png,Rina,,水,支援,3,覺醒,可召喚,C,10710,439,659,96,15,50,40,0,Water Scroll / Mystical Scroll or Crystal Summon / Unknown Scroll or Social Summon
17413,unit_icon_0027_2_1.png,Ritesh,,風,體力,5,覺醒,可召喚,B,13500,637,604,101,15,50,15,0,Legendary Scroll / Wind Scroll / Mystical Scroll or Crystal Summon
25915,unit_icon_0086_1_5.png,Ritsu,,暗,攻擊,5,覺醒,可召喚,B,10215,867,593,105,30,50,15,0,
10915,unit_icon_0003_4_2.png,Rizak,,暗,支援,2,覺醒,可召喚,D,8400,527,560,93,15,50,15,0,Secret Dungeon
30115,unit_icon_0145_1_5.png,Roberta,,暗,攻擊,4,覺醒,可召喚,B,9720,801,527,104,15,50,15,0,
25401,unit_icon_0077_0_1.png,ROBO,,水,體力,4,未覺醒,可召喚,C,10215,560,571,100,15,50,15,0,
25402,unit_icon_0077_0_2.png,ROBO,,火,支援,4,未覺醒,可召喚,C,9720,571,593,100,15,50,15,0,
25403,unit_icon_0077_0_3.png,ROBO,,風,攻擊,4,未覺醒,可召喚,B,8730,703,527,100,15,50,15,0,
25404,unit_icon_0077_0_4.png,ROBO,,光,體力,4,未覺醒,可召喚,B,10710,538,560,100,15,50,15,0,
25405,unit_icon_0077_0_5.png,ROBO,,暗,攻擊,4,未覺醒,可召喚,C,8565,692,549,100,15,50,15,0,
25414,unit_icon_0077_1_4.png,ROBO-E65,機械Q寶-E65,光,體力,4,覺醒,可召喚,B,11850,582,604,101,15,50,15,0,
25415,unit_icon_0077_1_5.png,ROBO-F29,,暗,攻擊,4,覺醒,可召喚,B,9390,769,582,101,15,50,15,0,
25413,unit_icon_0077_1_3.png,ROBO-G92,機械Q寶-G92,風,攻擊,4,覺醒,可召喚,B,9555,780,560,101,15,50,15,0,
25412,unit_icon_0077_1_2.png,ROBO-P27,,火,支援,4,覺醒,可召喚,B,10545,615,659,101,15,50,15,0,
25411,unit_icon_0077_1_1.png,ROBO-R40,,水,體力,4,覺醒,可召喚,B,11370,604,615,101,15,50,15,0,
15613,unit_icon_0021_2_2.png,Roger,,風,攻擊,3,覺醒,可召喚,C,8565,670,571,110,15,50,15,0,Wind Scroll / Mystical Scroll or Crystal Summon / Unknown Scroll or Social Summon
15213,unit_icon_0021_2_0.png,Roid,,風,體力,2,覺醒,可召喚,D,10215,483,483,98,15,50,15,0,Magic Shop / Secret Dungeon / Unknown Scroll or Social Summon
15233,unit_icon_0082_3_3.png,Roid,,風,體力,2,二次覺醒,可召喚,D,12015,615,615,98,15,50,15,0,
27011,unit_icon_0100_1_1.png,Rosemary,,水,攻擊,4,覺醒,可召喚,B,9885,790,527,116,15,50,15,0,
19514,unit_icon_0034_3_2.png,Rumicus,,光,攻擊,3,覺醒,可召喚,C,9555,692,483,105,15,50,15,0,Scroll of Light and Darkness
25801,unit_icon_0081_0_1.png,Rune Blacksmith,,水,支援,4,未覺醒,可召喚,C,9555,615,560,102,15,50,15,0,
25802,unit_icon_0081_0_2.png,Rune Blacksmith,,火,支援,4,未覺醒,可召喚,C,9720,560,604,102,15,50,15,0,
25803,unit_icon_0081_0_3.png,Rune Blacksmith,,風,支援,4,未覺醒,可召喚,C,9885,549,604,102,15,50,15,0,
25804,unit_icon_0081_0_4.png,Rune Blacksmith,,光,支援,4,未覺醒,可召喚,C,9390,549,637,102,15,50,15,0,
25805,unit_icon_0081_0_5.png,Rune Blacksmith,,暗,支援,4,未覺醒,可召喚,C,9225,626,571,102,15,50,15,0,
20011,unit_icon_0036_0_0.png,Ryan,,水,攻擊,4,覺醒,可召喚,B,10380,736,549,107,15,50,15,0,Legendary Scroll / Water Scroll / Mystical Scroll or Crystal Summon
30215,unit_icon_0154_1_5.png,Ryomen Sukuna,,暗,攻擊,5,覺醒,可召喚,B,10875,801,615,104,15,50,15,25,
24011,unit_icon_0059_1_1.png,RYU,,水,攻擊,5,覺醒,可召喚,B,11040,801,604,103,15,50,15,25,
24012,unit_icon_0059_1_2.png,RYU,,火,攻擊,5,覺醒,可召喚,B,9885,889,593,103,15,50,15,25,
24013,unit_icon_0059_1_3.png,RYU,,風,攻擊,5,覺醒,可召喚,B,10215,845,615,103,30,50,15,0,
24014,unit_icon_0059_1_4.png,RYU,,光,攻擊,5,覺醒,可召喚,B,10710,867,560,103,30,50,15,0,
24015,unit_icon_0059_1_5.png,RYU,,暗,攻擊,5,覺醒,可召喚,B,10875,823,593,103,15,50,15,25,
22011,unit_icon_0045_0_3.png,Sabrina,,水,攻擊,4,覺醒,可召喚,S,9060,780,593,101,15,50,15,0,Legendary Scroll / Water Scroll / Mystical Scroll or Crystal Summon
29113,unit_icon_0136_1_3.png,Sadiel and Zeryah,,風,支援,5,覺醒,可召喚,B,11040,703,703,102,15,50,40,0,
24713,unit_icon_0068_1_3.png,Sagar,薩格爾,風,體力,5,覺醒,可召喚,B,11850,747,604,101,15,50,15,25,Legendary Scroll / Wind Scroll / Mystical Scroll or Crystal Summon
18601,unit_icon_0031_0_0.png,Sage,,水,體力,5,未覺醒,可召喚,A,9885,659,659,102,15,50,15,0,Legendary Scroll / Water Scroll / Mystical Scroll or Crystal Summon
18602,unit_icon_0031_1_0.png,Sage,,火,體力,5,未覺醒,可召喚,B,10545,681,593,102,15,50,15,0,Legendary Scroll / Fire Scroll / Mystical Scroll or Crystal Summon
18603,unit_icon_0031_2_0.png,Sage,,風,體力,5,未覺醒,可召喚,B,11040,736,505,102,15,50,15,0,Legendary Scroll / Wind Scroll / Mystical Scroll or Crystal Summon
18604,unit_icon_0031_3_0.png,Sage,,光,體力,5,未覺醒,可召喚,B,10710,659,604,102,15,50,15,0,Scroll of Light and Darkness
18605,unit_icon_0031_4_0.png,Sage,,暗,體力,5,未覺醒,可召喚,A,10875,692,560,102,15,50,15,0,Scroll of Light and Darkness
20314,unit_icon_0038_3_3.png,Sahara,,光,體力,3,覺醒,可召喚,C,10875,472,615,97,15,50,15,0,Scroll of Light and Darkness
28015,unit_icon_0115_1_5.png,Salah,,暗,支援,5,覺醒,可召喚,B,10875,747,670,103,30,50,15,0,
11101,unit_icon_0004_0_0.png,Salamander,,水,防禦,2,未覺醒,可召喚,D,6585,450,593,98,15,50,15,0,Magic Shop / Secret Dungeon / Unknown Scroll or Social Summon
11103,unit_icon_0004_2_0.png,Salamander,,風,防禦,2,未覺醒,可召喚,D,6750,527,505,98,15,50,15,0,Tamor Desert / Magic Shop / Secret Dungeon / Unknown Scroll or Social Summon
11104,unit_icon_0004_3_0.png,Salamander,,光,防禦,2,未覺醒,可召喚,D,7410,461,527,98,15,50,15,0,Secret Dungeon
11105,unit_icon_0004_4_0.png,Salamander,,暗,防禦,2,未覺醒,可召喚,D,7080,450,560,98,15,50,15,0,Secret Dungeon
11102,unit_icon_0004_1_0.png,Salamander,,火,防禦,3,未覺醒,可召喚,C,7575,538,604,98,15,50,15,0,Faimon Volcano / Fire Scroll / Mystical Scroll or Crystal Summon / Unknown Scroll or Social Summon
12813,unit_icon_0011_2_1.png,Samour,,風,支援,1,覺醒,可召喚,D,7410,582,406,100,15,50,15,0,Kabir Ruins / Magic Shop / Unknown Scroll or Social Summon
16901,unit_icon_0026_0_0.png,Samurai,,水,攻擊,4,未覺醒,可召喚,C,9060,659,549,102,15,50,15,0,Fusion / Legendary Scroll / Water Scroll / Mystical Scroll or Crystal Summon
16902,unit_icon_0026_1_0.png,Samurai,,火,攻擊,4,未覺醒,可召喚,C,8895,681,538,102,15,50,15,0,Legendary Scroll / Fire Scroll / Mystical Scroll or Crystal Summon
16903,unit_icon_0026_2_0.png,Samurai,,風,攻擊,4,未覺醒,可召喚,C,9555,670,505,102,15,50,15,0,Legendary Scroll / Wind Scroll / Mystical Scroll or Crystal Summon
16904,unit_icon_0026_3_0.png,Samurai,,光,攻擊,4,未覺醒,可召喚,C,9390,648,538,104,15,50,15,0,Scroll of Light and Darkness
16905,unit_icon_0026_4_0.png,Samurai,,暗,攻擊,4,未覺醒,可召喚,C,9720,681,483,104,15,50,15,0,Scroll of Light and Darkness
13101,unit_icon_0012_0_3.png,Sandman,,水,防禦,1,未覺醒,可召喚,D,4275,439,593,102,15,50,15,0,Aiden Forest / Unknown Scroll or Social Summon
13102,unit_icon_0012_1_3.png,Sandman,,火,防禦,1,未覺醒,可召喚,D,4605,450,560,102,15,50,15,0,Unknown Scroll or Social Summon
13103,unit_icon_0012_2_3.png,Sandman,,風,防禦,1,未覺醒,可召喚,D,4440,417,604,102,15,50,15,0,Tamor Desert / Unknown Scroll or Social Summon
13105,unit_icon_0012_3_3.png,Sandman,,暗,防禦,1,未覺醒,可召喚,D,4770,428,571,102,15,50,15,0,Special Event
16012,unit_icon_0018_1_4.png,Sath,,火,攻擊,3,覺醒,可召喚,A,8565,823,417,94,15,50,15,0,Fire Scroll / Mystical Scroll or Crystal Summon / Unknown Scroll or Social Summon
16032,unit_icon_0071_3_1.png,Sath,,火,攻擊,3,二次覺醒,可召喚,A,9885,867,505,94,15,50,15,0,Fire Scroll / Mystical Scroll or Crystal Summon / Unknown Scroll or Social Summon
30311,unit_icon_0158_1_1.png,Satoru Gojo,五條 悟,水,防禦,5,覺醒,可召喚,B,10380,648,801,106,15,50,15,25,
30312,unit_icon_0158_1_2.png,Satoru Gojo,,火,攻擊,5,覺醒,可召喚,B,9885,856,626,106,30,50,15,0,
30313,unit_icon_0158_1_3.png,Satoru Gojo,,風,防禦,5,覺醒,可召喚,B,10050,659,812,106,15,50,40,0,
30314,unit_icon_0158_1_4.png,Satoru Gojo,五條 悟,光,防禦,5,覺醒,可召喚,A,10215,637,823,106,30,50,15,0,
30315,unit_icon_0158_1_5.png,Satoru Gojo,五條 悟,暗,攻擊,5,覺醒,可召喚,S,10545,812,626,106,15,50,15,25,
23513,unit_icon_0054_2_0.png,Savannah,,風,攻擊,5,覺醒,可召喚,B,10875,801,615,108,15,50,15,25,Legendary Scroll / Wind Scroll / Mystical Scroll or Crystal Summon
23613,unit_icon_0054_2_1.png,Savannah,,風,攻擊,5,覺醒,非常駐,B,10875,801,615,108,15,50,40,0,
22912,unit_icon_0049_1_4.png,Scarlett,,火,攻擊,4,覺醒,可召喚,B,9225,703,659,103,15,50,15,0,Legendary Scroll / Fire Scroll / Mystical Scroll or Crystal Summon
19701,unit_icon_0035_0_2.png,Sea Emperor,,水,攻擊,5,未覺醒,可召喚,B,9225,714,648,100,15,50,15,0,Legendary Scroll / Water Scroll / Mystical Scroll or Crystal Summon
19702,unit_icon_0035_1_2.png,Sea Emperor,,火,攻擊,5,未覺醒,可召喚,A,9885,681,637,100,15,50,15,0,Legendary Scroll / Fire Scroll / Mystical Scroll or Crystal Summon
19703,unit_icon_0035_2_2.png,Sea Emperor,,風,防禦,5,未覺醒,可召喚,A,9885,626,692,100,15,50,15,0,Legendary Scroll / Wind Scroll / Mystical Scroll or Crystal Summon
19704,unit_icon_0035_3_2.png,Sea Emperor,,光,支援,5,未覺醒,可召喚,B,10380,648,637,100,15,50,15,0,Scroll of Light and Darkness
19705,unit_icon_0035_4_2.png,Sea Emperor,,暗,攻擊,5,未覺醒,可召喚,B,9720,703,626,100,15,50,15,0,Scroll of Light and Darkness
12113,unit_icon_0009_2_2.png,Seal,,風,支援,2,覺醒,可召喚,D,8070,615,494,108,15,50,15,0,Magic Shop / Secret Dungeon / Unknown Scroll or Social Summon
12133,unit_icon_0160_3_3.png,Seal,,風,支援,2,二次覺醒,可召喚,D,9885,703,670,108,15,50,15,0,
15713,unit_icon_0022_2_1.png,Seara,塞阿拉,風,攻擊,5,覺醒,可召喚,S,10875,801,615,100,15,50,15,25,Legendary Scroll / Wind Scroll / Mystical Scroll or Crystal Summon
25014,unit_icon_0072_1_4.png,Seimei,晴明,光,支援,5,覺醒,可召喚,S,11370,648,736,103,15,50,15,25,Scroll of Light and Darkness
20512,unit_icon_0039_1_2.png,Sekhmet,賽克邁特,火,支援,5,覺醒,可召喚,A,11205,714,681,116,15,50,15,0,Legendary Scroll / Fire Scroll / Mystical Scroll or Crystal Summon
13313,unit_icon_0011_2_3.png,Selena,,風,攻擊,4,覺醒,可召喚,B,9555,790,549,106,15,50,15,0,Legendary Scroll / Wind Scroll / Mystical Scroll or Crystal Summon
19311,unit_icon_0032_0_4.png,Sera,,水,攻擊,3,覺醒,可召喚,C,8400,747,505,102,30,50,15,0,Guild Shop
12115,unit_icon_0009_4_2.png,Seren,,暗,攻擊,3,覺醒,可召喚,C,8895,659,560,104,15,50,15,0,Secret Dungeon / Scroll of Light and Darkness
12135,unit_icon_0160_3_5.png,Seren,,暗,攻擊,3,二次覺醒,可召喚,B,10050,747,615,104,15,50,15,0,
11301,unit_icon_0004_0_4.png,Serpent,,水,體力,3,未覺醒,可召喚,C,8730,516,549,99,15,50,15,0,Secret Dungeon / Water Scroll / Mystical Scroll or Crystal Summon / Unknown Scroll or Social Summon
11302,unit_icon_0004_1_4.png,Serpent,,火,體力,3,未覺醒,可召喚,B,10545,505,439,99,15,50,15,0,Secret Dungeon / Fire Scroll / Mystical Scroll or Crystal Summon / Unknown Scroll or Social Summon
11303,unit_icon_0004_2_4.png,Serpent,,風,體力,3,未覺醒,可召喚,C,10050,527,450,99,15,50,15,0,Fusion / Tamor Desert / Wind Scroll / Mystical Scroll or Crystal Summon / Unknown Scroll or Social Summon
11304,unit_icon_0004_3_4.png,Serpent,,光,體力,3,未覺醒,可召喚,C,9555,494,516,99,15,50,15,0,Scroll of Light and Darkness
11305,unit_icon_0004_4_4.png,Serpent,,暗,體力,3,未覺醒,可召喚,C,9060,560,483,99,15,50,15,0,Scroll of Light and Darkness
24602,unit_icon_0067_0_2.png,Shadow Claw,,火,攻擊,5,未覺醒,可召喚,B,9390,747,604,102,15,50,15,0,
25901,unit_icon_0086_0_1.png,Shadowcaster,,水,攻擊,5,未覺醒,可召喚,A,9060,801,571,104,15,50,15,0,
25902,unit_icon_0086_0_2.png,Shadowcaster,,火,攻擊,5,未覺醒,可召喚,B,9885,769,549,104,15,50,15,0,
25903,unit_icon_0086_0_3.png,Shadowcaster,,風,支援,5,未覺醒,可召喚,B,10380,659,626,104,15,50,15,0,
25904,unit_icon_0086_0_4.png,Shadowcaster,,光,支援,5,未覺醒,可召喚,B,10380,703,582,104,15,50,15,0,
25905,unit_icon_0086_0_5.png,Shadowcaster,,暗,攻擊,5,未覺醒,可召喚,B,9555,790,549,104,15,50,15,0,
15814,unit_icon_0007_3_1.png,Shaffron,,光,防禦,3,覺醒,可召喚,C,8895,604,615,102,30,50,15,0,Scroll of Light and Darkness
28013,unit_icon_0115_1_3.png,Shahat,,風,體力,5,覺醒,可召喚,B,12510,714,593,103,15,50,15,25,
11311,unit_icon_0005_0_0.png,Shailoq,,水,體力,3,覺醒,可召喚,B,9720,560,604,115,15,50,15,0,Secret Dungeon / Water Scroll / Mystical Scroll or Crystal Summon / Unknown Scroll or Social Summon
21912,unit_icon_0045_1_1.png,Shaina,,火,攻擊,4,覺醒,可召喚,B,9390,747,604,103,15,50,15,0,Legendary Scroll / Fire Scroll / Mystical Scroll or Crystal Summon
14013,unit_icon_0015_2_1.png,Shakan,,風,防禦,3,覺醒,可召喚,C,8565,582,659,115,15,50,15,0,Secret Dungeon / Wind Scroll / Mystical Scroll or Crystal Summon / Unknown Scroll or Social Summon
14033,unit_icon_0053_2_1.png,Shakan,,風,防禦,3,二次覺醒,可召喚,B,10050,626,736,115,15,50,15,0,Secret Dungeon / Wind Scroll / Mystical Scroll or Crystal Summon / Unknown Scroll or Social Summon
11514,unit_icon_0005_3_4.png,Shamann,,光,防禦,3,覺醒,可召喚,B,11040,472,604,111,15,50,15,0,Scroll of Light and Darkness
11534,unit_icon_0055_0_3.png,Shamann,,光,防禦,3,二次覺醒,可召喚,B,11370,505,769,111,15,50,15,0,Scroll of Light and Darkness
10614,unit_icon_0002_3_1.png,Shamar,,光,攻擊,2,覺醒,可召喚,D,8235,725,373,115,15,50,15,0,Secret Dungeon
10634,unit_icon_0211_3_4.png,Shamar,,光,攻擊,2,二次覺醒,可召喚,D,10710,780,538,115,15,50,15,0,
14614,unit_icon_0017_3_2.png,Shan,,光,攻擊,5,覺醒,可召喚,B,10215,812,648,95,15,50,15,25,Scroll of Light and Darkness
10313,unit_icon_0001_2_0.png,Shannon,,風,支援,2,覺醒,可召喚,A,8730,505,560,111,15,50,15,0,Magic Shop / Secret Dungeon / Unknown Scroll or Social Summon
10333,unit_icon_0051_2_1.png,Shannon,,風,支援,2,二次覺醒,可召喚,A,10380,648,692,111,15,50,15,0,Magic Shop / Secret Dungeon / Unknown Scroll or Social Summon
11114,unit_icon_0004_3_1.png,Sharman,,光,防禦,2,覺醒,可召喚,D,8400,505,582,99,15,50,15,0,Secret Dungeon
15411,unit_icon_0020_0_3.png,Sharron,,水,攻擊,3,覺醒,可召喚,C,8235,823,439,105,15,50,15,0,Secret Dungeon / Water Scroll / Mystical Scroll or Crystal Summon / Unknown Scroll or Social Summon
33902,unit_icon_0197_1_2.png,Shasha,,火,攻擊,4,未覺醒,非常駐,C,9225,681,516,104,15,50,15,0,
33912,unit_icon_0197_1_2.png,Shasha,,火,攻擊,4,覺醒,可召喚,B,9885,758,560,105,15,50,15,0,
33903,unit_icon_0197_1_3.png,Shasha,,風,攻擊,4,未覺醒,非常駐,C,9390,670,516,104,15,50,15,0,
33913,unit_icon_0197_1_3.png,Shasha,,風,攻擊,4,覺醒,可召喚,B,10050,736,571,105,15,50,15,0,
33901,unit_icon_0197_1_1.png,Shasha,,水,支援,5,未覺醒,非常駐,B,10050,681,626,104,15,50,15,0,
33911,unit_icon_0197_1_1.png,Shasha,,水,支援,5,覺醒,可召喚,B,10875,736,681,105,15,50,15,25,
33904,unit_icon_0197_1_4.png,Shasha,,光,支援,5,未覺醒,非常駐,B,9720,670,659,104,15,50,15,0,
33914,unit_icon_0197_1_4.png,Shasha,,光,支援,5,覺醒,可召喚,B,10545,725,714,105,15,50,15,25,
33905,unit_icon_0197_1_5.png,Shasha,,暗,支援,5,未覺醒,非常駐,B,10050,659,648,104,15,50,15,0,
33915,unit_icon_0197_1_5.png,Shasha,,暗,支援,5,覺醒,可召喚,B,11040,714,692,105,30,50,15,0,
17414,unit_icon_0027_3_1.png,Shazam,,光,體力,5,覺醒,可召喚,B,12675,604,692,101,15,50,15,0,Scroll of Light and Darkness
16811,unit_icon_0025_0_4.png,Shi Hou,齊天大聖,水,攻擊,5,覺醒,可召喚,S,9885,845,637,115,15,50,15,0,Legendary Scroll / Water Scroll / Mystical Scroll or Crystal Summon
11212,unit_icon_0004_1_3.png,Shihwa,,火,攻擊,4,覺醒,可召喚,B,9555,714,626,102,15,50,15,0,Guild Shop / Legendary Scroll / Fire Scroll / Mystical Scroll or Crystal Summon
11813,unit_icon_0007_2_0.png,Shimitae,,風,攻擊,4,覺醒,可召喚,B,10215,834,461,106,15,50,15,0,Legendary Scroll / Wind Scroll / Mystical Scroll or Crystal Summon
25011,unit_icon_0072_1_1.png,Shizuka,玄佳,水,支援,5,覺醒,可召喚,A,11040,659,747,103,15,50,15,0,Legendary Scroll / Water Scroll / Mystical Scroll or Crystal Summon
12014,unit_icon_0007_3_4.png,Shren,,光,支援,3,覺醒,可召喚,B,10380,725,395,104,15,50,15,0,Scroll of Light and Darkness
12034,unit_icon_0074_3_4.png,Shren,,光,支援,3,二次覺醒,可召喚,B,11040,790,505,104,15,50,15,0,
10615,unit_icon_0002_4_1.png,Shumar,,暗,攻擊,3,覺醒,可召喚,C,7575,834,472,115,30,50,15,0,Secret Dungeon / Scroll of Light and Darkness
10635,unit_icon_0211_3_5.png,Shumar,,暗,攻擊,3,二次覺醒,可召喚,B,9390,878,527,115,30,50,15,0,
25914,unit_icon_0086_1_4.png,Shun,,光,支援,5,覺醒,可召喚,B,11370,758,626,105,15,50,15,25,
13214,unit_icon_0013_3_1.png,Shushu,,光,支援,2,覺醒,可召喚,D,9060,450,593,99,15,50,15,0,Secret Dungeon
13234,unit_icon_0070_3_3.png,Shushu and Friends,,光,支援,2,二次覺醒,可召喚,D,11040,593,703,99,15,50,15,0,Secret Dungeon
12114,unit_icon_0009_3_2.png,Sia,,光,攻擊,3,覺醒,可召喚,C,9225,670,527,105,15,50,15,0,Secret Dungeon / Scroll of Light and Darkness
12134,unit_icon_0160_3_4.png,Sia,,光,攻擊,3,二次覺醒,可召喚,B,10215,769,582,105,15,50,15,0,
26014,unit_icon_0085_1_4.png,Siamese,,光,體力,4,覺醒,可召喚,B,12510,560,582,100,15,50,15,0,
13411,unit_icon_0011_0_2.png,Sian,,水,攻擊,4,覺醒,可召喚,B,10545,834,439,103,15,50,15,0,Legendary Scroll / Water Scroll / Mystical Scroll or Crystal Summon
10612,unit_icon_0002_1_1.png,Sieq,,火,攻擊,2,覺醒,可召喚,D,6255,823,406,115,15,50,15,0,Faimon Volcano / Magic Shop / Unknown Scroll or Social Summon
10632,unit_icon_0211_3_2.png,Sieq,,火,攻擊,2,二次覺醒,可召喚,D,8565,900,560,115,15,50,15,0,
16915,unit_icon_0026_4_1.png,Sige,,暗,攻擊,4,覺醒,可召喚,B,8730,911,483,105,30,50,15,0,Scroll of Light and Darkness
14511,unit_icon_0017_0_3.png,Sigmarus,,水,攻擊,5,覺醒,可召喚,S,9720,988,505,99,30,50,15,0,Fusion
28215,unit_icon_0117_1_5.png,Sigrid,,暗,體力,5,覺醒,可召喚,B,12180,736,593,103,15,50,40,0,
15913,unit_icon_0023_2_3.png,Silia,,風,攻擊,3,覺醒,可召喚,C,9060,681,527,97,15,50,15,0,Wind Scroll / Mystical Scroll or Crystal Summon / Unknown Scroll or Social Summon
15933,unit_icon_0083_3_3.png,Silia,,風,攻擊,3,二次覺醒,可召喚,B,10215,747,604,97,15,50,15,0,
16514,unit_icon_0025_3_2.png,Silver,,光,防禦,3,覺醒,可召喚,C,9720,461,703,98,15,50,15,25,Scroll of Light and Darkness
16534,unit_icon_0125_3_4.png,Silver,,光,防禦,3,二次覺醒,可召喚,B,10545,527,801,98,15,50,15,25,
34901,unit_icon_0219_1_1.png,Silver Tail,,水,支援,5,未覺醒,非常駐,B,10380,593,692,104,15,50,15,0,
34911,unit_icon_0219_1_1.png,Silver Tail,,水,支援,5,覺醒,可召喚,B,11370,637,747,105,15,50,15,25,
20212,unit_icon_0037_1_3.png,Sin,,火,防禦,3,覺醒,可召喚,C,8400,593,659,99,15,50,40,0,Fire Scroll / Mystical Scroll or Crystal Summon / Unknown Scroll or Social Summon
12111,unit_icon_0009_0_2.png,Sisroo,,水,支援,2,覺醒,可召喚,D,7245,582,582,106,15,50,15,0,Mt. White Ragon / Magic Shop / Unknown Scroll or Social Summon
12131,unit_icon_0160_3_1.png,Sisroo,,水,支援,2,二次覺醒,可召喚,D,9225,681,736,106,15,50,15,0,
22413,unit_icon_0047_2_0.png,Skogul,,風,體力,4,覺醒,可召喚,B,11205,560,670,99,15,50,40,0,Wind Scroll / Mystical Scroll or Crystal Summon / Unknown Scroll or Social Summon
22513,unit_icon_0047_2_0.png,Skogul,,風,體力,4,未覺醒,非常駐,B,11205,560,670,99,15,50,40,0,
16401,unit_icon_0023_0_4.png,Skull Soldier,,水,防禦,2,未覺醒,可召喚,D,7410,439,549,99,15,50,15,0,Unknown Scroll or Social Summon
16402,unit_icon_0023_1_4.png,Skull Soldier,,火,防禦,2,未覺醒,可召喚,D,6915,483,538,99,15,50,15,0,Ferun Castle / Unknown Scroll or Social Summon
16403,unit_icon_0023_2_4.png,Skull Soldier,,風,防禦,2,未覺醒,可召喚,D,7245,472,527,99,15,50,15,0,Unknown Scroll or Social Summon
18301,unit_icon_0029_0_2.png,Sky Dancer,,水,支援,4,未覺醒,可召喚,C,9555,626,549,100,15,50,15,0,Legendary Scroll / Water Scroll / Mystical Scroll or Crystal Summon
18302,unit_icon_0029_1_2.png,Sky Dancer,,火,攻擊,4,未覺醒,可召喚,C,8895,659,560,100,15,50,15,0,Legendary Scroll / Fire Scroll / Mystical Scroll or Crystal Summon
18303,unit_icon_0029_2_2.png,Sky Dancer,,風,支援,4,未覺醒,可召喚,S,9225,626,571,100,15,50,15,0,Legendary Scroll / Wind Scroll / Mystical Scroll or Crystal Summon
18304,unit_icon_0029_3_2.png,Sky Dancer,,光,支援,5,未覺醒,可召喚,A,10215,692,604,100,15,50,15,0,Scroll of Light and Darkness
18305,unit_icon_0029_4_2.png,Sky Dancer,,暗,攻擊,5,未覺醒,可召喚,A,9885,725,593,100,15,50,15,0,Scroll of Light and Darkness
25301,unit_icon_0076_0_1.png,Sky Surfer,,水,支援,5,未覺醒,可召喚,B,10545,637,637,104,15,50,15,0,
25302,unit_icon_0076_0_2.png,Sky Surfer,,火,攻擊,5,未覺醒,可召喚,B,9390,769,582,104,15,50,15,0,
25303,unit_icon_0076_0_3.png,Sky Surfer,,風,攻擊,5,未覺醒,可召喚,S,9885,747,571,104,15,50,15,0,
25304,unit_icon_0076_0_4.png,Sky Surfer,,光,攻擊,5,未覺醒,可召喚,B,9720,714,615,104,15,50,15,0,
25305,unit_icon_0076_0_5.png,Sky Surfer,,暗,支援,5,未覺醒,可召喚,B,10380,626,659,104,15,50,15,0,
24701,unit_icon_0068_0_1.png,Slayer,,水,體力,5,未覺醒,可召喚,B,11205,659,571,100,15,50,15,0,Legendary Scroll / Water Scroll / Mystical Scroll or Crystal Summon
24702,unit_icon_0068_0_2.png,Slayer,,火,體力,5,未覺醒,可召喚,B,11850,582,604,100,15,50,15,0,Legendary Scroll / Fire Scroll / Mystical Scroll or Crystal Summon
24703,unit_icon_0068_0_3.png,Slayer,,風,體力,5,未覺醒,可召喚,B,10545,703,571,100,15,50,15,0,Legendary Scroll / Wind Scroll / Mystical Scroll or Crystal Summon
24704,unit_icon_0068_0_4.png,Slayer,,光,體力,5,未覺醒,可召喚,A,11205,615,615,100,15,50,15,0,Scroll of Light and Darkness
24705,unit_icon_0068_0_5.png,Slayer,,暗,體力,5,未覺醒,可召喚,B,11700,593,604,100,15,50,15,0,Scroll of Light and Darkness
12201,unit_icon_0010_0_0.png,Slime,,水,防禦,1,未覺醒,可召喚,D,4935,329,659,102,15,50,15,0,Unknown Scroll or Social Summon
12202,unit_icon_0010_1_0.png,Slime,,火,防禦,1,未覺醒,可召喚,D,4935,329,659,102,15,50,15,0,Mt. Siz / Unknown Scroll or Social Summon
12203,unit_icon_0010_2_0.png,Slime,,風,防禦,1,未覺醒,可召喚,D,4935,329,659,102,15,50,15,0,Mt. Runar / Unknown Scroll or Social Summon
27213,unit_icon_0106_1_3.png,Smicer,斯米奇勒,風,攻擊,5,覺醒,可召喚,B,10050,834,637,100,15,50,15,25,
20712,unit_icon_0040_1_1.png,Smokey,,火,攻擊,4,覺醒,可召喚,B,9555,747,593,101,15,50,15,0,Guild Shop / Legendary Scroll / Fire Scroll / Mystical Scroll or Crystal Summon
22701,unit_icon_0048_0_0.png,Sniper Mk.I,,水,攻擊,4,未覺醒,可召喚,C,9060,659,549,96,15,50,15,0,Legendary Scroll / Water Scroll / Mystical Scroll or Crystal Summon
22702,unit_icon_0048_1_0.png,Sniper Mk.I,,火,攻擊,4,未覺醒,可召喚,C,8895,648,571,96,15,50,15,0,Legendary Scroll / Fire Scroll / Mystical Scroll or Crystal Summon
22802,unit_icon_0048_1_0.png,Sniper Mk.I,,火,攻擊,4,未覺醒,非常駐,C,8895,648,571,96,15,50,15,0,
22703,unit_icon_0048_2_0.png,Sniper Mk.I,,風,攻擊,4,未覺醒,可召喚,C,8730,626,604,96,15,50,15,0,Legendary Scroll / Wind Scroll / Mystical Scroll or Crystal Summon
22803,unit_icon_0048_2_0.png,Sniper Mk.I,,風,攻擊,4,未覺醒,非常駐,C,8730,626,604,96,15,50,15,0,
22704,unit_icon_0048_3_0.png,Sniper Mk.I,,光,攻擊,4,未覺醒,可召喚,C,8730,670,560,96,15,50,15,0,Scroll of Light and Darkness
22705,unit_icon_0048_4_0.png,Sniper Mk.I,,暗,攻擊,4,未覺醒,可召喚,C,8565,681,560,96,15,50,15,0,Scroll of Light and Darkness
22805,unit_icon_0048_4_0.png,Sniper Mk.I,,暗,攻擊,4,未覺醒,非常駐,C,8565,681,560,96,15,50,15,0,
11211,unit_icon_0004_0_3.png,Soha,,水,攻擊,4,覺醒,可召喚,B,8235,878,549,102,15,50,15,0,Guild Shop / Legendary Scroll / Water Scroll / Mystical Scroll or Crystal Summon
30711,unit_icon_0161_1_1.png,Solvark,,水,防禦,5,覺醒,可召喚,B,10050,604,867,101,15,50,15,25,
28212,unit_icon_0117_1_2.png,Solveig,,火,體力,4,覺醒,可召喚,B,11700,670,527,103,15,50,15,0,
16815,unit_icon_0025_4_4.png,Son Zhang Lao,六耳獼猴,暗,體力,5,覺醒,可召喚,A,12180,692,637,118,15,50,15,0,Scroll of Light and Darkness
23911,unit_icon_0057_1_1.png,Songseol,,水,支援,4,覺醒,可召喚,B,11205,659,571,107,15,50,15,0,Legendary Scroll / Water Scroll / Mystical Scroll or Crystal Summon
26113,unit_icon_0087_1_3.png,Sonia,索妮亞,風,攻擊,5,覺醒,可召喚,S,10215,867,593,119,15,50,15,0,
21411,unit_icon_0043_0_2.png,Sonnet,,水,支援,4,覺醒,可召喚,B,10710,604,659,98,15,50,15,25,Legendary Scroll / Water Scroll / Mystical Scroll or Crystal Summon
20312,unit_icon_0038_1_3.png,Sonora,,火,體力,3,覺醒,可召喚,C,10215,538,593,97,15,50,15,0,Fire Scroll / Mystical Scroll or Crystal Summon / Unknown Scroll or Social Summon
13913,unit_icon_0014_2_4.png,Sophia,,風,攻擊,4,覺醒,可召喚,B,9555,900,439,103,15,50,15,0,Guild Shop / Legendary Scroll / Wind Scroll / Mystical Scroll or Crystal Summon
10115,unit_icon_0000_4_1.png,Sorin,,暗,攻擊,2,覺醒,可召喚,D,7740,615,516,102,15,50,15,0,Secret Dungeon
10135,unit_icon_0051_4_0.png,Sorin,,暗,攻擊,2,二次覺醒,可召喚,D,9225,790,626,102,15,50,15,0,Secret Dungeon
31301,unit_icon_0175_0_1.png,Specter Princess,,水,支援,5,未覺醒,可召喚,A,10215,637,659,99,15,50,15,0,
31302,unit_icon_0175_0_2.png,Specter Princess,,火,支援,5,未覺醒,可召喚,B,9885,692,626,99,15,50,15,0,
31303,unit_icon_0175_0_3.png,Specter Princess,,風,支援,5,未覺醒,可召喚,A,10050,670,637,99,15,50,15,0,
31304,unit_icon_0175_0_4.png,Specter Princess,,光,支援,5,未覺醒,可召喚,B,10050,648,659,99,15,50,15,0,
31305,unit_icon_0175_0_5.png,Specter Princess,,暗,支援,5,未覺醒,可召喚,S,10380,637,648,99,15,50,15,0,
11512,unit_icon_0005_1_4.png,Spectra,,火,支援,3,覺醒,可召喚,A,9060,571,637,126,15,50,15,0,Secret Dungeon / Fire Scroll / Mystical Scroll or Crystal Summon / Unknown Scroll or Social Summon
11532,unit_icon_0055_0_1.png,Spectra,,火,支援,3,二次覺醒,可召喚,A,10215,659,692,126,15,50,15,0,Secret Dungeon / Fire Scroll / Mystical Scroll or Crystal Summon / Unknown Scroll or Social Summon
35901,unit_icon_0221_1_1.png,Stark,,水,體力,4,未覺醒,非常駐,C,10380,560,560,98,15,50,15,0,
35911,unit_icon_0221_1_1.png,Stark,,水,體力,4,覺醒,可召喚,B,11535,604,604,99,15,50,15,0,
35904,unit_icon_0221_1_4.png,Stark,,光,體力,4,未覺醒,非常駐,C,10050,648,494,98,15,50,15,0,
35914,unit_icon_0221_1_4.png,Stark,,光,體力,4,覺醒,可召喚,B,11040,703,538,99,15,50,15,0,
35902,unit_icon_0221_1_2.png,Stark,,火,體力,5,未覺醒,非常駐,B,12015,560,615,98,15,50,15,0,
35912,unit_icon_0221_1_2.png,Stark,,火,體力,5,覺醒,可召喚,B,13170,604,659,99,15,50,40,0,
35903,unit_icon_0221_1_3.png,Stark,,風,體力,5,未覺醒,非常駐,B,11205,659,571,98,15,50,15,0,
35913,unit_icon_0221_1_3.png,Stark,,風,體力,5,覺醒,可召喚,B,12180,714,615,99,15,50,40,0,
35905,unit_icon_0221_1_5.png,Stark,,暗,體力,5,未覺醒,非常駐,B,11205,560,670,98,15,50,15,0,
35915,unit_icon_0221_1_5.png,Stark,,暗,體力,5,覺醒,可召喚,B,12345,593,725,99,15,50,40,0,
27903,unit_icon_0114_0_3.png,Steel Commander,,風,攻擊,4,未覺醒,可召喚,C,8400,725,527,97,15,50,15,0,
27905,unit_icon_0114_0_5.png,Steel Commander,,暗,攻擊,4,未覺醒,可召喚,C,8565,736,505,97,15,50,15,0,
27901,unit_icon_0114_0_1.png,Steel Commander,,水,攻擊,5,未覺醒,可召喚,B,9060,834,538,97,15,50,15,0,
27902,unit_icon_0114_0_2.png,Steel Commander,,火,攻擊,5,未覺醒,可召喚,B,9060,823,549,97,15,50,15,0,
27904,unit_icon_0114_0_4.png,Steel Commander,,光,攻擊,5,未覺醒,可召喚,B,9555,812,527,97,15,50,15,0,
19911,unit_icon_0036_0_2.png,Stella,,水,攻擊,4,覺醒,可召喚,B,10545,790,483,102,15,50,15,25,Legendary Scroll / Water Scroll / Mystical Scroll or Crystal Summon
24501,unit_icon_0066_0_1.png,Striker,,水,攻擊,5,未覺醒,可召喚,A,10380,714,571,102,15,50,15,0,Legendary Scroll / Water Scroll / Mystical Scroll or Crystal Summon
24502,unit_icon_0066_0_2.png,Striker,,火,攻擊,5,未覺醒,可召喚,S,9390,801,549,102,15,50,15,0,Legendary Scroll / Fire Scroll / Mystical Scroll or Crystal Summon
24503,unit_icon_0066_0_3.png,Striker,,風,攻擊,5,未覺醒,可召喚,B,9555,758,582,102,15,50,15,0,Legendary Scroll / Wind Scroll / Mystical Scroll or Crystal Summon
24504,unit_icon_0066_0_4.png,Striker,,光,攻擊,5,未覺醒,可召喚,B,10050,769,538,102,15,50,15,0,Scroll of Light and Darkness
24505,unit_icon_0066_0_5.png,Striker,,暗,攻擊,5,未覺醒,可召喚,B,10215,736,560,102,15,50,15,0,Scroll of Light and Darkness
23901,unit_icon_0057_0_1.png,String Master,,水,支援,4,未覺醒,可召喚,C,10050,615,527,106,15,50,15,0,Legendary Scroll / Water Scroll / Mystical Scroll or Crystal Summon
23902,unit_icon_0057_0_2.png,String Master,,火,支援,4,未覺醒,可召喚,C,10545,505,604,106,15,50,15,0,Legendary Scroll / Fire Scroll / Mystical Scroll or Crystal Summon
23903,unit_icon_0057_0_3.png,String Master,,風,支援,4,未覺醒,可召喚,C,9720,505,659,106,15,50,15,0,Legendary Scroll / Wind Scroll / Mystical Scroll or Crystal Summon
23904,unit_icon_0057_0_4.png,String Master,,光,支援,4,未覺醒,可召喚,C,10710,483,615,106,15,50,15,0,Scroll of Light and Darkness
23905,unit_icon_0057_0_5.png,String Master,,暗,支援,4,未覺醒,可召喚,C,10380,571,549,106,15,50,15,0,Scroll of Light and Darkness
15511,unit_icon_0021_0_4.png,Su,,水,攻擊,4,覺醒,可召喚,B,9885,769,549,104,30,50,15,0,Guild Shop / Legendary Scroll / Water Scroll / Mystical Scroll or Crystal Summon
13301,unit_icon_0011_0_4.png,Succubus,,水,攻擊,4,未覺醒,可召喚,C,9390,604,582,105,15,50,15,0,Legendary Scroll / Water Scroll / Mystical Scroll or Crystal Summon
13302,unit_icon_0011_1_4.png,Succubus,,火,攻擊,4,未覺醒,可召喚,C,9720,648,516,105,15,50,15,0,Fusion / Legendary Scroll / Fire Scroll / Mystical Scroll or Crystal Summon
13303,unit_icon_0011_2_4.png,Succubus,,風,攻擊,4,未覺醒,可召喚,C,8730,659,571,105,15,50,15,0,Legendary Scroll / Wind Scroll / Mystical Scroll or Crystal Summon
13304,unit_icon_0011_3_4.png,Succubus,,光,攻擊,4,未覺醒,可召喚,C,7245,681,648,105,15,50,15,0,Scroll of Light and Darkness
13305,unit_icon_0011_4_4.png,Succubus,,暗,攻擊,4,未覺醒,可召喚,C,8565,725,516,105,15,50,15,0,Scroll of Light and Darkness
25111,unit_icon_0073_1_1.png,Suiki,,水,攻擊,4,覺醒,可召喚,B,9885,736,582,100,15,50,40,0,Legendary Scroll / Water Scroll / Mystical Scroll or Crystal Summon
21714,unit_icon_0044_5_0.png,Super Angelmon,,光,素材,1,覺醒,可召喚,D,165,11,11,0,0,0,0,0,
18513,unit_icon_0030_2_4.png,Suri,,風,攻擊,3,覺醒,可召喚,C,8895,714,505,100,15,50,15,0,Wind Scroll / Mystical Scroll or Crystal Summon / Unknown Scroll or Social Summon
13601,unit_icon_0012_0_4.png,Surprise Box,,水,防禦,2,未覺醒,可召喚,D,8235,329,604,92,15,50,15,0,Unknown Scroll or Social Summon
13602,unit_icon_0012_1_4.png,Surprise Box,,火,防禦,2,未覺醒,可召喚,D,8730,384,516,92,15,50,15,0,Unknown Scroll or Social Summon
13603,unit_icon_0012_2_4.png,Surprise Box,,風,防禦,2,未覺醒,可召喚,D,8070,373,571,92,15,50,15,0,Unknown Scroll or Social Summon
13604,unit_icon_0012_3_4.png,Surprise Box,,光,防禦,2,未覺醒,可召喚,D,8895,351,538,92,15,50,15,0,Special Event
13605,unit_icon_0012_4_4.png,Surprise Box,,暗,防禦,2,未覺醒,可召喚,D,9060,318,560,92,15,50,15,0,Special Event
18812,unit_icon_0032_1_0.png,Surtr,,火,攻擊,4,覺醒,可召喚,B,10050,801,505,103,30,50,15,0,Guild Shop / Legendary Scroll / Fire Scroll / Mystical Scroll or Crystal Summon
25811,unit_icon_0081_1_1.png,Susan,,水,支援,4,覺醒,可召喚,B,10545,670,604,103,15,50,15,0,
13511,unit_icon_0013_0_3.png,Susano,,水,攻擊,4,覺醒,可召喚,B,8070,911,527,107,15,50,15,0,Fusion / Legendary Scroll / Water Scroll / Mystical Scroll or Crystal Summon
11801,unit_icon_0006_0_4.png,Sylph,,水,攻擊,4,未覺醒,可召喚,C,9885,659,494,104,15,50,15,0,Legendary Scroll / Water Scroll / Mystical Scroll or Crystal Summon
11802,unit_icon_0006_1_4.png,Sylph,,火,攻擊,4,未覺醒,可召喚,S,10215,626,505,104,15,50,15,0,Fusion / Legendary Scroll / Fire Scroll / Mystical Scroll or Crystal Summon
11803,unit_icon_0006_2_4.png,Sylph,,風,攻擊,4,未覺醒,可召喚,C,9390,758,428,105,15,50,15,0,Legendary Scroll / Wind Scroll / Mystical Scroll or Crystal Summon
11804,unit_icon_0006_3_4.png,Sylph,,光,體力,4,未覺醒,可召喚,C,10215,659,472,104,15,50,15,0,Scroll of Light and Darkness
11805,unit_icon_0006_4_4.png,Sylph,,暗,攻擊,4,未覺醒,可召喚,C,10545,604,505,104,15,50,15,0,Scroll of Light and Darkness
11901,unit_icon_0009_0_3.png,Sylphid,,水,支援,4,未覺醒,可召喚,B,11700,417,615,102,15,50,15,0,Legendary Scroll / Water Scroll / Mystical Scroll or Crystal Summon
11902,unit_icon_0009_1_3.png,Sylphid,,火,支援,4,未覺醒,可召喚,C,8400,703,549,102,15,50,15,0,Legendary Scroll / Fire Scroll / Mystical Scroll or Crystal Summon
11903,unit_icon_0009_2_3.png,Sylphid,,風,支援,4,未覺醒,可召喚,C,10050,549,593,103,15,50,15,0,Legendary Scroll / Wind Scroll / Mystical Scroll or Crystal Summon
11904,unit_icon_0009_3_3.png,Sylphid,,光,支援,4,未覺醒,可召喚,C,11040,538,538,102,15,50,15,0,Scroll of Light and Darkness
11905,unit_icon_0009_4_3.png,Sylphid,,暗,攻擊,4,未覺醒,可召喚,C,9060,725,483,102,15,50,15,0,Scroll of Light and Darkness
20115,unit_icon_0037_4_1.png,Sylvia,,暗,支援,5,覺醒,可召喚,B,11040,692,714,104,15,50,15,0,Scroll of Light and Darkness
21314,unit_icon_0043_3_0.png,Tablo,,光,支援,4,覺醒,可召喚,B,10380,692,593,102,15,50,15,0,Scroll of Light and Darkness
33702,unit_icon_0198_1_2.png,Taebaek,,火,攻擊,4,未覺醒,非常駐,C,8895,659,560,103,15,50,15,0,
33712,unit_icon_0198_1_2.png,Taebaek,,火,攻擊,4,覺醒,可召喚,B,9555,736,604,104,15,50,15,0,
33705,unit_icon_0198_1_5.png,Taebaek,,暗,攻擊,4,未覺醒,非常駐,C,9060,637,571,103,15,50,15,0,
33715,unit_icon_0198_1_5.png,Taebaek,,暗,攻擊,4,覺醒,可召喚,B,9720,714,615,104,15,50,15,0,
33701,unit_icon_0198_1_1.png,Taebaek,,水,攻擊,5,未覺醒,非常駐,B,9885,703,615,103,15,50,15,0,
33711,unit_icon_0198_1_1.png,Taebaek,,水,攻擊,5,覺醒,可召喚,B,10545,790,648,104,30,50,15,0,
33703,unit_icon_0198_1_3.png,Taebaek,,風,攻擊,5,未覺醒,非常駐,B,10050,692,615,103,15,50,15,0,
33713,unit_icon_0198_1_3.png,Taebaek,,風,攻擊,5,覺醒,可召喚,B,10710,769,659,104,30,50,15,0,
33704,unit_icon_0198_1_4.png,Taebaek,,光,攻擊,5,未覺醒,非常駐,B,9885,714,604,103,15,50,15,0,
33714,unit_icon_0198_1_4.png,Taebaek,,光,攻擊,5,覺醒,可召喚,B,10380,801,648,104,30,50,15,0,
11712,unit_icon_0006_1_3.png,Tagaros,,火,攻擊,3,覺醒,可召喚,C,7740,911,384,98,15,50,15,0,Vrofagus Ruins / Fire Scroll / Mystical Scroll or Crystal Summon / Unknown Scroll or Social Summon
11732,unit_icon_0212_3_2.png,Tagaros,,火,攻擊,3,二次覺醒,可召喚,B,9390,966,439,98,15,50,15,0,
10813,unit_icon_0003_2_0.png,Taharus,,風,攻擊,2,覺醒,可召喚,D,6420,780,439,107,15,50,15,0,Kabir Ruins / Magic Shop / Unknown Scroll or Social Summon
19011,unit_icon_0033_0_1.png,Talc,,水,體力,3,覺醒,可召喚,C,10875,516,571,99,15,50,15,0,Water Scroll / Mystical Scroll or Crystal Summon / Unknown Scroll or Social Summon
21911,unit_icon_0045_0_1.png,Talia,,水,攻擊,4,覺醒,可召喚,B,9225,780,582,103,15,50,15,0,Legendary Scroll / Water Scroll / Mystical Scroll or Crystal Summon
24514,unit_icon_0066_1_4.png,Talisman,,光,攻擊,5,覺醒,可召喚,B,10710,867,560,103,30,50,15,0,Scroll of Light and Darkness
31811,unit_icon_0167_1_1.png,Tanjiro Kamado,,水,攻擊,4,覺醒,可召喚,B,9720,758,571,103,15,50,15,0,
31815,unit_icon_0167_1_5.png,Tanjiro Kamado,,暗,攻擊,4,覺醒,可召喚,B,10050,747,560,103,15,50,15,0,
31812,unit_icon_0167_1_2.png,Tanjiro Kamado,,火,攻擊,5,覺醒,可召喚,B,10545,856,582,103,30,50,15,0,
31813,unit_icon_0167_1_3.png,Tanjiro Kamado,,風,攻擊,5,覺醒,可召喚,B,10380,878,571,103,30,50,15,0,
31814,unit_icon_0167_1_4.png,Tanjiro Kamado,,光,攻擊,5,覺醒,可召喚,B,10215,867,593,103,30,50,15,0,
10412,unit_icon_0001_1_2.png,Tantra,,火,體力,2,覺醒,可召喚,D,8895,560,494,101,15,50,15,0,Magic Shop / Secret Dungeon / Unknown Scroll or Social Summon
19913,unit_icon_0036_2_2.png,Tanya,,風,攻擊,4,覺醒,可召喚,B,9390,747,604,102,30,50,15,0,Legendary Scroll / Wind Scroll / Mystical Scroll or Crystal Summon
23311,unit_icon_0052_0_2.png,Tanzaite,,水,防禦,4,覺醒,可召喚,B,9555,538,801,93,15,50,15,0,Legendary Scroll / Water Scroll / Mystical Scroll or Crystal Summon
18402,unit_icon_0029_1_4.png,Taoist,,火,攻擊,3,未覺醒,可召喚,C,7740,604,527,103,15,50,15,0,Fire Scroll / Mystical Scroll or Crystal Summon / Unknown Scroll or Social Summon
18405,unit_icon_0029_4_4.png,Taoist,,暗,體力,3,未覺醒,可召喚,A,8400,549,538,103,15,50,15,0,Scroll of Light and Darkness
18401,unit_icon_0029_0_4.png,Taoist,,水,攻擊,4,未覺醒,可召喚,C,9390,692,494,103,15,50,15,0,Legendary Scroll / Water Scroll / Mystical Scroll or Crystal Summon
18403,unit_icon_0029_2_4.png,Taoist,,風,防禦,4,未覺醒,可召喚,C,8565,615,626,103,15,50,15,0,Legendary Scroll / Wind Scroll / Mystical Scroll or Crystal Summon
18404,unit_icon_0029_3_4.png,Taoist,,光,體力,4,未覺醒,可召喚,C,9225,615,582,103,15,50,15,0,Scroll of Light and Darkness
14611,unit_icon_0017_0_2.png,Taor,,水,攻擊,5,覺醒,可召喚,B,9885,911,571,95,30,50,15,0,Legendary Scroll / Water Scroll / Mystical Scroll or Crystal Summon
22213,unit_icon_0046_2_2.png,Taranys,,風,防禦,5,覺醒,可召喚,B,10215,626,834,102,15,50,15,0,Legendary Scroll / Wind Scroll / Mystical Scroll or Crystal Summon
22313,unit_icon_0052_2_0.png,Taranys,,風,防禦,5,未覺醒,非常駐,B,10215,626,834,102,15,50,15,0,
29812,unit_icon_0152_1_2.png,Tarnisha,,火,支援,5,覺醒,可召喚,B,11370,714,670,103,15,50,15,25,
10611,unit_icon_0002_0_1.png,Tarq,,水,攻擊,2,覺醒,可召喚,D,8565,714,362,115,15,50,15,0,Magic Shop / Secret Dungeon / Unknown Scroll or Social Summon
10631,unit_icon_0211_3_1.png,Tarq,,水,攻擊,2,二次覺醒,可召喚,D,10215,801,549,115,15,50,15,0,
10214,unit_icon_0000_3_3.png,Taru,,光,攻擊,2,覺醒,可召喚,D,7905,604,516,114,15,50,15,0,Secret Dungeon
10312,unit_icon_0001_1_0.png,Tatu,,火,攻擊,2,覺醒,可召喚,D,6750,736,461,111,15,50,15,0,Magic Shop / Secret Dungeon / Unknown Scroll or Social Summon
10332,unit_icon_0051_1_1.png,Tatu,,火,攻擊,2,二次覺醒,可召喚,D,8730,823,626,111,15,50,15,0,Magic Shop / Secret Dungeon / Unknown Scroll or Social Summon
18113,unit_icon_0029_2_1.png,Taurus,,風,攻擊,4,覺醒,可召喚,B,9225,790,571,101,15,50,15,0,Legendary Scroll / Wind Scroll / Mystical Scroll or Crystal Summon
10914,unit_icon_0003_3_2.png,Teon,,光,支援,3,覺醒,可召喚,C,9555,571,604,95,15,50,15,0,Scroll of Light and Darkness
19212,unit_icon_0032_1_2.png,Tesarion,泰莎麗恩,火,體力,5,覺醒,可召喚,S,11535,747,626,100,15,50,15,25,Guild Shop
14513,unit_icon_0017_2_3.png,Teshar,,風,攻擊,5,覺醒,可召喚,B,9555,1098,406,114,15,50,15,0,Legendary Scroll / Wind Scroll / Mystical Scroll or Crystal Summon
19611,unit_icon_0035_0_0.png,Tetra,,水,支援,4,覺醒,可召喚,A,10545,582,692,110,15,50,15,0,Legendary Scroll / Water Scroll / Mystical Scroll or Crystal Summon
31101,unit_icon_0165_1_1.png,Tetsuya,,水,支援,4,未覺醒,非常駐,B,10050,659,648,101,15,50,15,0,
31111,unit_icon_0165_1_1.png,Tetsuya,,水,支援,4,覺醒,可召喚,B,10050,659,648,101,15,50,15,0,
31104,unit_icon_0165_1_4.png,Tetsuya,,光,支援,4,未覺醒,非常駐,B,10215,670,626,101,15,50,15,0,
31114,unit_icon_0165_1_4.png,Tetsuya,,光,支援,4,覺醒,可召喚,B,10215,670,626,101,15,50,15,0,
31102,unit_icon_0165_1_2.png,Tetsuya,,火,支援,5,未覺醒,非常駐,B,10710,736,692,101,15,50,15,0,
31112,unit_icon_0165_1_2.png,Tetsuya,,火,支援,5,覺醒,可召喚,B,10710,736,692,101,15,50,15,25,
31103,unit_icon_0165_1_3.png,Tetsuya,,風,支援,5,未覺醒,非常駐,B,11040,703,703,101,15,50,40,0,
31113,unit_icon_0165_1_3.png,Tetsuya,,風,支援,5,覺醒,可召喚,B,11040,703,703,101,15,50,40,0,
31105,unit_icon_0165_1_5.png,Tetsuya,,暗,支援,5,未覺醒,非常駐,B,10545,758,681,101,15,50,15,0,
31115,unit_icon_0165_1_5.png,Tetsuya,,暗,支援,5,覺醒,可召喚,B,10545,758,681,101,15,50,15,25,
20415,unit_icon_0038_4_1.png,Thebae,特貝,暗,體力,5,覺醒,可召喚,B,12675,692,604,101,15,50,15,0,Scroll of Light and Darkness
31312,unit_icon_0175_1_2.png,Theodora,,火,支援,5,覺醒,可召喚,B,10545,769,670,100,30,50,15,0,
19211,unit_icon_0032_0_2.png,Theomars,,水,攻擊,5,覺醒,可召喚,S,10875,823,593,100,30,50,15,0,Guild Shop
34215,unit_icon_0202_1_5.png,Theonia,,暗,攻擊,5,覺醒,可召喚,B,9720,790,703,103,15,50,15,25,
26713,unit_icon_0096_1_3.png,Thomas,,風,攻擊,5,覺醒,可召喚,B,9885,823,659,110,15,50,15,0,
16015,unit_icon_0018_4_4.png,Thrain,,暗,攻擊,3,覺醒,可召喚,C,10215,823,307,94,15,50,15,0,Scroll of Light and Darkness
16035,unit_icon_0071_3_4.png,Thrain,,暗,攻擊,3,二次覺醒,可召喚,B,11205,878,406,94,15,50,15,0,Scroll of Light and Darkness
21214,unit_icon_0041_3_4.png,Tian Lang,天狼,光,體力,5,覺醒,可召喚,A,12345,681,637,96,15,50,15,0,Scroll of Light and Darkness
18913,unit_icon_0033_2_3.png,Tiana,緹娜,風,支援,5,覺醒,可召喚,A,11850,725,626,96,15,50,40,0,Legendary Scroll / Wind Scroll / Mystical Scroll or Crystal Summon
17214,unit_icon_0026_3_3.png,Tien Qin,,光,攻擊,3,覺醒,可召喚,C,9060,659,549,99,30,50,15,0,Scroll of Light and Darkness
12811,unit_icon_0011_0_1.png,Tigresse,,水,支援,1,覺醒,可召喚,D,6750,582,450,100,15,50,15,0,Magic Shop / Unknown Scroll or Social Summon
11615,unit_icon_0006_4_1.png,Tilasha,,暗,支援,4,覺醒,可召喚,B,10545,626,648,99,15,50,15,0,Scroll of Light and Darkness
29713,unit_icon_0151_1_3.png,Tirsa,,風,攻擊,5,覺醒,可召喚,B,10215,878,582,121,15,50,15,0,
32312,unit_icon_0177_1_2.png,Tityus,,火,防禦,5,覺醒,可召喚,B,11205,571,823,102,15,50,15,25,
24812,unit_icon_0064_1_2.png,Todd,,火,支援,4,覺醒,可召喚,B,10875,637,615,101,15,50,15,0,Legendary Scroll / Fire Scroll / Mystical Scroll or Crystal Summon
18711,unit_icon_0031_0_3.png,Toma,,水,攻擊,3,覺醒,可召喚,C,8895,703,516,105,15,50,15,0,Water Scroll / Mystical Scroll or Crystal Summon / Unknown Scroll or Social Summon
31401,unit_icon_0176_0_1.png,Tomb Warden,,水,體力,4,未覺醒,可召喚,C,10380,560,560,97,15,50,15,0,
31402,unit_icon_0176_0_2.png,Tomb Warden,,火,體力,4,未覺醒,可召喚,C,9885,538,615,97,15,50,15,0,
31403,unit_icon_0176_0_3.png,Tomb Warden,,風,體力,4,未覺醒,可召喚,C,10050,571,571,97,15,50,15,0,
31404,unit_icon_0176_0_4.png,Tomb Warden,,光,體力,4,未覺醒,可召喚,C,10215,538,593,97,15,50,15,0,
31405,unit_icon_0176_0_5.png,Tomb Warden,,暗,體力,4,未覺醒,可召喚,C,10380,505,615,97,15,50,15,0,
25012,unit_icon_0072_1_2.png,Tomoe,智江,火,支援,5,覺醒,可召喚,B,11535,615,758,103,15,50,15,0,
16914,unit_icon_0026_3_1.png,Tosi,,光,攻擊,4,覺醒,可召喚,B,8235,889,538,120,15,50,15,0,Scroll of Light and Darkness
25601,unit_icon_0078_0_1.png,Totemist,,水,支援,5,未覺醒,可召喚,B,10380,582,703,98,15,50,15,0,
25602,unit_icon_0078_0_2.png,Totemist,,火,支援,5,未覺醒,可召喚,B,10050,703,604,98,15,50,15,0,
25603,unit_icon_0078_0_3.png,Totemist,,風,支援,5,未覺醒,可召喚,A,10710,604,659,98,15,50,15,0,
25604,unit_icon_0078_0_4.png,Totemist,,光,支援,5,未覺醒,可召喚,B,11205,604,626,98,15,50,15,0,
25605,unit_icon_0078_0_5.png,Totemist,,暗,支援,5,未覺醒,可召喚,B,10545,659,615,98,15,50,15,0,
20811,unit_icon_0039_0_4.png,Tractor,,水,防禦,3,覺醒,可召喚,C,9225,516,681,98,15,50,15,25,Water Scroll / Mystical Scroll or Crystal Summon / Unknown Scroll or Social Summon
20831,unit_icon_0126_3_1.png,Tractor,,水,防禦,3,二次覺醒,可召喚,B,9885,615,758,98,15,50,15,25,
22415,unit_icon_0047_4_0.png,Trasar,,暗,體力,4,覺醒,可召喚,B,11700,549,648,99,15,50,40,0,Wind Scroll / Mystical Scroll or Crystal Summon / Unknown Scroll or Social Summon
22515,unit_icon_0047_4_0.png,Trasar,,暗,體力,4,未覺醒,非常駐,B,11700,549,648,99,15,50,40,0,
20012,unit_icon_0036_1_0.png,Trevor,,火,攻擊,4,覺醒,可召喚,B,10050,780,527,107,15,50,15,0,Legendary Scroll / Fire Scroll / Mystical Scroll or Crystal Summon
21413,unit_icon_0043_2_2.png,Triana,,風,支援,4,覺醒,可召喚,B,11040,560,681,113,15,50,15,0,Legendary Scroll / Wind Scroll / Mystical Scroll or Crystal Summon
13815,unit_icon_0014_4_2.png,Trinity,特裡妮蒂,暗,體力,5,覺醒,可召喚,B,11700,758,604,101,30,50,15,0,Scroll of Light and Darkness
29511,unit_icon_0144_1_1.png,Triss,,水,支援,4,覺醒,可召喚,B,10710,604,659,101,15,50,15,0,
29513,unit_icon_0144_1_3.png,Triss,,風,支援,4,覺醒,可召喚,B,10545,604,670,101,15,50,15,0,
29512,unit_icon_0144_1_2.png,Triss,,火,攻擊,5,覺醒,可召喚,B,10545,878,560,101,15,50,15,25,
29514,unit_icon_0144_1_4.png,Triss,,光,支援,5,覺醒,可召喚,B,11535,670,703,101,15,50,40,0,
29515,unit_icon_0144_1_5.png,Triss,,暗,攻擊,5,覺醒,可召喚,B,10050,889,582,101,30,50,15,0,
19713,unit_icon_0035_2_3.png,Triton,特裡同,風,防禦,5,覺醒,可召喚,A,10875,681,736,116,15,50,15,0,Legendary Scroll / Wind Scroll / Mystical Scroll or Crystal Summon
27115,unit_icon_0098_1_5.png,Truffle,,暗,體力,4,覺醒,可召喚,B,11205,670,560,103,15,50,15,0,
29101,unit_icon_0136_0_1.png,Twin Angels,,水,支援,5,未覺醒,可召喚,B,10215,659,637,101,15,50,15,0,
29102,unit_icon_0136_0_2.png,Twin Angels,,火,支援,5,未覺醒,可召喚,B,9555,692,648,101,15,50,15,0,
29103,unit_icon_0136_0_3.png,Twin Angels,,風,支援,5,未覺醒,可召喚,B,10050,648,659,101,15,50,15,0,
29104,unit_icon_0136_0_4.png,Twin Angels,,光,支援,5,未覺醒,可召喚,B,9720,703,626,101,15,50,15,0,
29105,unit_icon_0136_0_5.png,Twin Angels,,暗,支援,5,未覺醒,可召喚,B,10380,670,615,101,15,50,15,0,
11811,unit_icon_0007_0_0.png,Tyron,,水,攻擊,4,覺醒,可召喚,B,10875,725,527,105,15,50,15,0,Legendary Scroll / Water Scroll / Mystical Scroll or Crystal Summon
11601,unit_icon_0006_0_0.png,Undine,,水,支援,4,未覺醒,可召喚,A,9885,527,626,98,15,50,15,0,Fusion / Legendary Scroll / Water Scroll / Mystical Scroll or Crystal Summon
11602,unit_icon_0006_1_0.png,Undine,,火,支援,4,未覺醒,可召喚,C,11370,494,560,98,15,50,15,0,Legendary Scroll / Fire Scroll / Mystical Scroll or Crystal Summon
11603,unit_icon_0006_2_0.png,Undine,,風,支援,4,未覺醒,可召喚,C,10215,472,659,98,15,50,15,0,Legendary Scroll / Wind Scroll / Mystical Scroll or Crystal Summon
11604,unit_icon_0006_3_0.png,Undine,,光,支援,4,未覺醒,可召喚,C,8565,571,670,98,15,50,15,0,Scroll of Light and Darkness
11605,unit_icon_0006_4_0.png,Undine,,暗,支援,4,未覺醒,可召喚,C,9555,593,582,98,15,50,15,0,Scroll of Light and Darkness
21501,unit_icon_0043_0_3.png,Unicorn,,水,體力,5,未覺醒,可召喚,B,11040,604,637,99,15,50,15,0,Legendary Scroll / Water Scroll / Mystical Scroll or Crystal Summon
21502,unit_icon_0043_1_3.png,Unicorn,,火,體力,5,未覺醒,可召喚,B,11370,637,582,99,15,50,15,0,Legendary Scroll / Fire Scroll / Mystical Scroll or Crystal Summon
21503,unit_icon_0043_2_3.png,Unicorn,,風,體力,5,未覺醒,可召喚,A,11700,626,571,99,15,50,15,0,Legendary Scroll / Wind Scroll / Mystical Scroll or Crystal Summon
21504,unit_icon_0043_3_3.png,Unicorn,,光,體力,5,未覺醒,可召喚,A,11535,571,637,99,15,50,15,0,Scroll of Light and Darkness
21505,unit_icon_0043_4_3.png,Unicorn,,暗,體力,5,未覺醒,可召喚,B,11370,648,571,99,15,50,15,0,Scroll of Light and Darkness
10712,unit_icon_0002_1_3.png,Ursha,,火,體力,2,覺醒,可召喚,D,9885,549,439,102,15,50,15,0,Telain Forest / Magic Shop / Unknown Scroll or Social Summon
10732,unit_icon_0051_1_2.png,Ursha,,火,體力,2,二次覺醒,可召喚,D,11850,637,604,102,15,50,15,0,Telain Forest / Magic Shop / Unknown Scroll or Social Summon
17711,unit_icon_0027_0_4.png,Urtau,,水,體力,3,覺醒,可召喚,C,10710,582,516,99,15,50,15,0,Water Scroll / Mystical Scroll or Crystal Summon / Unknown Scroll or Social Summon
28513,unit_icon_0119_1_3.png,Usha,,風,攻擊,4,覺醒,可召喚,B,9555,834,505,101,15,50,15,25,
15201,unit_icon_0020_0_4.png,Vagabond,,水,體力,2,未覺醒,可召喚,D,8235,439,494,97,15,50,15,0,Magic Shop / Secret Dungeon / Unknown Scroll or Social Summon
15203,unit_icon_0020_2_4.png,Vagabond,,風,體力,2,未覺醒,可召喚,D,8730,450,450,97,15,50,15,0,Magic Shop / Secret Dungeon / Unknown Scroll or Social Summon
15202,unit_icon_0020_1_4.png,Vagabond,,火,防禦,3,未覺醒,可召喚,C,8895,527,527,97,15,50,15,0,Secret Dungeon / Fire Scroll / Mystical Scroll or Crystal Summon / Unknown Scroll or Social Summon
15204,unit_icon_0020_3_4.png,Vagabond,,光,防禦,3,未覺醒,可召喚,A,8565,571,505,97,15,50,15,0,Secret Dungeon / Scroll of Light and Darkness
15205,unit_icon_0020_4_4.png,Vagabond,,暗,防禦,3,未覺醒,可召喚,C,8730,483,582,97,15,50,15,0,Secret Dungeon / Scroll of Light and Darkness
22214,unit_icon_0046_3_2.png,Valantis,,光,體力,5,覺醒,可召喚,B,11535,703,670,102,15,50,15,0,Scroll of Light and Darkness
22314,unit_icon_0052_3_0.png,Valantis,,光,體力,5,未覺醒,非常駐,B,11535,703,670,102,15,50,15,0,
29615,unit_icon_0150_1_5.png,Valdemar,,暗,體力,5,覺醒,可召喚,B,12510,725,582,100,15,50,15,0,
13801,unit_icon_0014_0_1.png,Valkyrja,,水,體力,5,未覺醒,可召喚,B,10710,714,549,100,15,50,15,0,Legendary Scroll / Water Scroll / Mystical Scroll or Crystal Summon
13802,unit_icon_0014_1_1.png,Valkyrja,,火,支援,5,未覺醒,可召喚,S,9885,659,659,100,15,50,15,0,Legendary Scroll / Fire Scroll / Mystical Scroll or Crystal Summon
13803,unit_icon_0014_2_1.png,Valkyrja,,風,攻擊,5,未覺醒,可召喚,A,9720,769,560,100,15,50,15,0,Fusion
13804,unit_icon_0014_3_1.png,Valkyrja,,光,防禦,5,未覺醒,可召喚,B,9720,637,692,100,15,50,15,0,Scroll of Light and Darkness
13805,unit_icon_0014_4_1.png,Valkyrja,,暗,體力,5,未覺醒,可召喚,B,10710,714,549,100,15,50,15,0,Scroll of Light and Darkness
14701,unit_icon_0016_0_1.png,Vampire,,水,體力,4,未覺醒,可召喚,C,9885,604,549,98,15,50,15,0,Guild Shop / Legendary Scroll / Water Scroll / Mystical Scroll or Crystal Summon
14702,unit_icon_0016_1_1.png,Vampire,,火,攻擊,4,未覺醒,可召喚,S,9390,692,494,98,15,50,15,0,Fusion / Guild Shop / Legendary Scroll / Fire Scroll / Mystical Scroll or Crystal Summon
14703,unit_icon_0016_2_1.png,Vampire,,風,攻擊,4,未覺醒,可召喚,C,8565,725,516,98,15,50,15,0,Fusion / Legendary Scroll / Wind Scroll / Mystical Scroll or Crystal Summon
14704,unit_icon_0016_3_1.png,Vampire,,光,攻擊,5,未覺醒,可召喚,B,12015,725,450,98,15,50,15,0,Scroll of Light and Darkness
14705,unit_icon_0016_4_1.png,Vampire,,暗,攻擊,5,未覺醒,可召喚,B,9720,834,494,98,15,50,15,0,Scroll of Light and Darkness
23005,unit_icon_0050_0_1.png,Vampire Lord,,暗,攻擊,5,未覺醒,可召喚,B,9555,747,593,98,15,50,15,0,
24515,unit_icon_0066_1_5.png,Vancliffe,梵克里夫,暗,攻擊,5,覺醒,可召喚,B,10875,823,593,103,15,50,15,25,Scroll of Light and Darkness
13812,unit_icon_0014_1_2.png,Vanessa,凡妮莎,火,支援,5,覺醒,可召喚,S,10875,703,714,101,15,50,40,0,Legendary Scroll / Fire Scroll / Mystical Scroll or Crystal Summon
12814,unit_icon_0011_3_1.png,Varis,,光,支援,1,覺醒,可召喚,D,6420,659,395,100,15,50,15,0,
28512,unit_icon_0119_1_2.png,Varuna,,火,攻擊,4,覺醒,可召喚,B,8895,823,560,101,30,50,15,0,
11515,unit_icon_0005_4_4.png,Varus,,暗,防禦,3,覺醒,可召喚,B,11700,483,549,111,15,50,15,0,Scroll of Light and Darkness
11535,unit_icon_0055_0_4.png,Varus,,暗,防禦,3,二次覺醒,可召喚,B,11850,505,736,111,15,50,15,0,Scroll of Light and Darkness
17012,unit_icon_0019_1_2.png,Velajuel,貝拉爵日,火,支援,5,覺醒,可召喚,A,10050,681,790,100,30,50,15,0,Legendary Scroll / Fire Scroll / Mystical Scroll or Crystal Summon
31315,unit_icon_0175_1_5.png,Velaska,維拉斯卡,暗,支援,5,覺醒,可召喚,S,11535,670,703,100,15,50,40,0,
17813,unit_icon_0028_2_2.png,Velfinodon,,風,防禦,3,覺醒,可召喚,C,8895,560,659,103,15,50,15,25,Secret Dungeon / Wind Scroll / Mystical Scroll or Crystal Summon / Unknown Scroll or Social Summon
28312,unit_icon_0118_1_2.png,Vendhan,班丹,火,攻擊,5,覺醒,可召喚,B,10050,812,659,106,15,50,15,0,
28412,unit_icon_0118_2_2.png,Vendhan,,火,攻擊,5,未覺醒,非常駐,B,10050,812,659,106,15,50,15,0,
14411,unit_icon_0016_0_0.png,Verad,,水,防禦,5,覺醒,可召喚,A,11535,571,801,98,15,50,15,25,Legendary Scroll / Water Scroll / Mystical Scroll or Crystal Summon
14712,unit_icon_0016_1_2.png,Verdehile,費得海,火,攻擊,4,覺醒,可召喚,S,9885,812,505,99,15,50,15,0,Fusion / Guild Shop / Legendary Scroll / Fire Scroll / Mystical Scroll or Crystal Summon
24915,unit_icon_0065_1_5.png,Vereesa,,暗,支援,4,覺醒,可召喚,B,10215,692,604,105,15,50,15,25,Scroll of Light and Darkness
32603,unit_icon_0180_1_3.png,Vermilion Bird Dancer,,風,支援,4,未覺醒,非常駐,C,9225,604,593,100,15,50,15,0,
32613,unit_icon_0180_1_3.png,Vermilion Bird Dancer,,風,支援,4,覺醒,可召喚,B,10215,659,637,101,15,50,15,0,
32604,unit_icon_0180_1_4.png,Vermilion Bird Dancer,,光,攻擊,4,未覺醒,非常駐,C,8565,725,516,100,15,50,15,0,
32614,unit_icon_0180_1_4.png,Vermilion Bird Dancer,,光,攻擊,4,覺醒,可召喚,B,9390,801,549,101,15,50,15,0,
32601,unit_icon_0180_1_1.png,Vermilion Bird Dancer,,水,體力,5,未覺醒,非常駐,B,11040,593,648,100,15,50,15,0,
32611,unit_icon_0180_1_1.png,Vermilion Bird Dancer,,水,體力,5,覺醒,可召喚,B,12180,626,703,101,15,50,15,25,
32602,unit_icon_0180_1_2.png,Vermilion Bird Dancer,,火,支援,5,未覺醒,非常駐,B,10050,659,648,100,15,50,15,0,
32612,unit_icon_0180_1_2.png,Vermilion Bird Dancer,,火,支援,5,覺醒,可召喚,B,10875,714,703,101,30,50,15,0,
32605,unit_icon_0180_1_5.png,Vermilion Bird Dancer,,暗,支援,5,未覺醒,非常駐,B,10050,637,670,100,15,50,15,0,
32615,unit_icon_0180_1_5.png,Vermilion Bird Dancer,,暗,支援,5,覺醒,可召喚,B,11040,692,714,101,15,50,15,25,
19215,unit_icon_0032_4_2.png,Veromos,貝拉穆斯,暗,支援,5,覺醒,可召喚,S,10710,670,758,100,15,50,15,25,Fusion
26114,unit_icon_0087_1_4.png,Veronica,費洛妮卡,光,攻擊,5,覺醒,可召喚,A,10545,823,615,104,15,50,15,25,
22412,unit_icon_0047_1_0.png,Vidurr,,火,防禦,3,覺醒,可召喚,C,9060,505,703,99,30,50,15,0,Fire Scroll / Mystical Scroll or Crystal Summon / Unknown Scroll or Social Summon
14011,unit_icon_0015_0_1.png,Vigor,,水,體力,3,覺醒,可召喚,B,11535,582,461,115,15,50,15,0,Secret Dungeon / Water Scroll / Mystical Scroll or Crystal Summon / Unknown Scroll or Social Summon
14031,unit_icon_0053_0_1.png,Vigor,,水,體力,3,二次覺醒,可召喚,B,12510,659,538,115,15,50,15,0,Secret Dungeon / Water Scroll / Mystical Scroll or Crystal Summon / Unknown Scroll or Social Summon
14801,unit_icon_0017_0_0.png,Viking,,水,攻擊,2,未覺醒,可召喚,D,5925,516,571,96,15,50,15,0,Magic Shop / Secret Dungeon / Unknown Scroll or Social Summon
14803,unit_icon_0017_2_0.png,Viking,,風,體力,2,未覺醒,可召喚,D,7245,450,549,96,15,50,15,0,Magic Shop / Secret Dungeon / Unknown Scroll or Social Summon
14804,unit_icon_0017_3_0.png,Viking,,光,防禦,2,未覺醒,可召喚,D,6750,472,560,96,15,50,15,0,Secret Dungeon
14802,unit_icon_0017_1_0.png,Viking,,火,防禦,3,未覺醒,可召喚,C,7410,505,648,96,15,50,15,0,Secret Dungeon / Fire Scroll / Mystical Scroll or Crystal Summon / Unknown Scroll or Social Summon
14805,unit_icon_0017_4_0.png,Viking,,暗,體力,3,未覺醒,可召喚,C,8235,516,582,96,15,50,15,0,Secret Dungeon / Scroll of Light and Darkness
21415,unit_icon_0043_4_2.png,Vivachel,維瓦切,暗,支援,5,覺醒,可召喚,S,12015,615,725,113,15,50,15,0,Scroll of Light and Darkness
31415,unit_icon_0176_1_5.png,Volg,,暗,體力,4,覺醒,可召喚,B,11535,538,670,98,15,50,40,0,
28515,unit_icon_0119_1_5.png,Vritra,,暗,體力,4,覺醒,可召喚,B,10875,659,593,101,15,50,40,0,
15614,unit_icon_0021_3_2.png,Walkers,,光,攻擊,3,覺醒,可召喚,C,8895,637,582,110,15,50,15,0,Scroll of Light and Darkness
14813,unit_icon_0017_2_1.png,Walter,,風,體力,2,覺醒,可召喚,D,10380,450,505,97,15,50,15,0,Magic Shop / Secret Dungeon / Unknown Scroll or Social Summon
10702,unit_icon_0002_1_2.png,Warbear,,火,體力,2,未覺醒,可召喚,D,7740,538,428,101,15,50,15,0,Telain Forest / Magic Shop / Unknown Scroll or Social Summon
10703,unit_icon_0002_2_2.png,Warbear,,風,體力,2,未覺醒,可召喚,S,8895,373,516,101,15,50,15,0,Chiruka Remains / Magic Shop / Secret Dungeon / Unknown Scroll or Social Summon
10705,unit_icon_0002_4_2.png,Warbear,,暗,體力,2,未覺醒,可召喚,D,7410,329,659,101,15,50,15,0,Secret Dungeon
10701,unit_icon_0002_0_2.png,Warbear,,水,體力,3,未覺醒,可召喚,C,10545,384,560,101,15,50,15,0,Mt. White Ragon / Water Scroll / Mystical Scroll or Crystal Summon / Unknown Scroll or Social Summon
10704,unit_icon_0002_3_2.png,Warbear,,光,體力,3,未覺醒,可召喚,C,10215,340,626,101,15,50,15,0,Secret Dungeon / Scroll of Light and Darkness
15611,unit_icon_0021_0_2.png,Wayne,,水,攻擊,3,覺醒,可召喚,C,8565,648,593,110,15,50,15,0,Water Scroll / Mystical Scroll or Crystal Summon / Unknown Scroll or Social Summon
25701,unit_icon_0080_0_1.png,Weapon Master,,水,攻擊,5,未覺醒,可召喚,B,8895,812,571,101,15,50,15,0,
25702,unit_icon_0080_0_2.png,Weapon Master,,火,攻擊,5,未覺醒,可召喚,B,9555,747,593,101,15,50,15,0,
25703,unit_icon_0080_0_3.png,Weapon Master,,風,攻擊,5,未覺醒,可召喚,B,10050,736,571,101,15,50,15,0,
25704,unit_icon_0080_0_4.png,Weapon Master,,光,攻擊,5,未覺醒,可召喚,B,9390,769,582,101,15,50,15,0,
25705,unit_icon_0080_0_5.png,Weapon Master,,暗,攻擊,5,未覺醒,可召喚,A,9060,823,549,101,15,50,15,0,
20614,unit_icon_0039_3_0.png,Wedjat,維阿傑特,光,防禦,5,覺醒,可召喚,B,10710,637,790,102,15,50,40,0,Scroll of Light and Darkness
17215,unit_icon_0026_4_3.png,Wei Shin,,暗,攻擊,3,覺醒,可召喚,C,7905,769,516,99,30,50,15,0,Scroll of Light and Darkness
14001,unit_icon_0015_0_0.png,Werewolf,,水,體力,3,未覺醒,可召喚,C,9885,549,439,99,15,50,15,0,Secret Dungeon / Water Scroll / Mystical Scroll or Crystal Summon / Unknown Scroll or Social Summon
14002,unit_icon_0015_1_0.png,Werewolf,,火,體力,3,未覺醒,可召喚,C,10710,450,483,99,15,50,15,0,Vrofagus Ruins / Fire Scroll / Mystical Scroll or Crystal Summon / Unknown Scroll or Social Summon
14003,unit_icon_0015_2_0.png,Werewolf,,風,防禦,3,未覺醒,可召喚,C,7905,527,593,99,15,50,15,0,Secret Dungeon / Wind Scroll / Mystical Scroll or Crystal Summon / Unknown Scroll or Social Summon
14004,unit_icon_0015_3_0.png,Werewolf,,光,體力,3,未覺醒,可召喚,A,11040,439,472,99,15,50,15,0,Scroll of Light and Darkness
14005,unit_icon_0015_4_0.png,Werewolf,,暗,體力,3,未覺醒,可召喚,C,9555,505,505,99,15,50,15,0,Scroll of Light and Darkness
30901,unit_icon_0166_1_1.png,Werner,,水,防禦,5,未覺醒,非常駐,B,10380,648,801,106,15,50,15,0,
30911,unit_icon_0166_1_1.png,Werner,,水,防禦,5,覺醒,可召喚,B,10380,648,801,106,15,50,15,25,
30902,unit_icon_0166_1_2.png,Werner,,火,攻擊,5,未覺醒,非常駐,B,9885,856,626,106,15,50,40,0,
30912,unit_icon_0166_1_2.png,Werner,,火,攻擊,5,覺醒,可召喚,B,9885,856,626,106,30,50,15,0,
30903,unit_icon_0166_1_3.png,Werner,,風,防禦,5,未覺醒,非常駐,B,10050,659,812,106,15,50,40,0,
30913,unit_icon_0166_1_3.png,Werner,,風,防禦,5,覺醒,可召喚,B,10050,659,812,106,15,50,40,0,
30904,unit_icon_0166_1_4.png,Werner,,光,防禦,5,未覺醒,非常駐,B,10215,637,823,106,30,50,15,0,
30914,unit_icon_0166_1_4.png,Werner,,光,防禦,5,覺醒,可召喚,B,10215,637,823,106,30,50,15,0,
30905,unit_icon_0166_1_5.png,Werner,,暗,攻擊,5,未覺醒,非常駐,B,10545,812,626,106,15,50,15,0,
30915,unit_icon_0166_1_5.png,Werner,,暗,攻擊,5,覺醒,可召喚,B,10545,812,626,106,15,50,15,25,
14214,unit_icon_0019_3_0.png,White Angelmon,,光,素材,1,覺醒,可召喚,D,165,11,11,0,0,0,0,0,Angel Garden / Hall of Light / Glory Shop
18214,unit_icon_0030_3_2.png,White King Angelmon,,光,素材,1,覺醒,可召喚,D,165,11,11,0,0,0,0,0,In-App Purchase / World Boss
32803,unit_icon_0182_1_3.png,White Tiger Blade Master,,風,攻擊,4,未覺醒,非常駐,C,9060,703,505,103,15,50,15,0,
32813,unit_icon_0182_1_3.png,White Tiger Blade Master,,風,攻擊,4,覺醒,可召喚,B,9885,769,549,104,15,50,15,0,
32805,unit_icon_0182_1_5.png,White Tiger Blade Master,,暗,攻擊,4,未覺醒,非常駐,C,8895,703,516,103,15,50,15,0,
32815,unit_icon_0182_1_5.png,White Tiger Blade Master,,暗,攻擊,4,覺醒,可召喚,B,9555,780,560,104,15,50,15,0,
32801,unit_icon_0182_1_1.png,White Tiger Blade Master,,水,支援,5,未覺醒,非常駐,B,9885,659,659,103,15,50,15,0,
32811,unit_icon_0182_1_1.png,White Tiger Blade Master,,水,支援,5,覺醒,可召喚,B,10710,725,703,104,15,50,15,25,
32802,unit_icon_0182_1_2.png,White Tiger Blade Master,,火,攻擊,5,未覺醒,非常駐,B,9720,747,582,103,15,50,15,0,
32812,unit_icon_0182_1_2.png,White Tiger Blade Master,,火,攻擊,5,覺醒,可召喚,B,10380,823,626,104,30,50,15,0,
32804,unit_icon_0182_1_4.png,White Tiger Blade Master,,光,攻擊,5,未覺醒,非常駐,B,9060,823,549,103,15,50,15,0,
32814,unit_icon_0182_1_4.png,White Tiger Blade Master,,光,攻擊,5,覺醒,可召喚,B,9720,900,593,104,15,50,15,25,
20713,unit_icon_0040_2_1.png,Windy,,風,支援,4,覺醒,可召喚,B,9720,692,637,101,15,50,15,0,Guild Shop / Legendary Scroll / Wind Scroll / Mystical Scroll or Crystal Summon
18315,unit_icon_0029_4_3.png,Wolyung,月英,暗,攻擊,5,覺醒,可召喚,A,10710,823,604,101,15,50,15,0,Scroll of Light and Darkness
18413,unit_icon_0030_2_0.png,Woochi,,風,防禦,4,覺醒,可召喚,B,9225,670,692,104,15,50,15,25,Legendary Scroll / Wind Scroll / Mystical Scroll or Crystal Summon
18415,unit_icon_0030_4_0.png,Woonhak,,暗,體力,3,覺醒,可召喚,A,9885,637,516,104,30,50,15,0,Scroll of Light and Darkness
18615,unit_icon_0031_4_1.png,Woonsa,雲師,暗,體力,5,覺醒,可召喚,A,12015,703,637,118,15,50,15,0,Scroll of Light and Darkness
18611,unit_icon_0031_0_1.png,Woosa,雨師,水,體力,5,覺醒,可召喚,A,12015,659,681,118,15,50,15,0,Legendary Scroll / Water Scroll / Mystical Scroll or Crystal Summon
23515,unit_icon_0054_4_0.png,Xiana,,暗,攻擊,5,覺醒,可召喚,B,10380,867,582,108,30,50,15,0,Scroll of Light and Darkness
23615,unit_icon_0054_4_1.png,Xiana,,暗,攻擊,5,覺醒,非常駐,B,10380,867,582,108,30,50,15,0,
17212,unit_icon_0026_1_3.png,Xiao Chun,,火,攻擊,3,覺醒,可召喚,C,8565,747,494,99,30,50,15,0,Fire Scroll / Mystical Scroll or Crystal Summon / Unknown Scroll or Social Summon
17311,unit_icon_0008_0_4.png,Xiao Lin,,水,攻擊,4,覺醒,可召喚,B,8730,736,659,102,15,50,15,0,Guild Shop / Legendary Scroll / Water Scroll / Mystical Scroll or Crystal Summon
15014,unit_icon_0018_3_2.png,Xiao Ling,,光,體力,3,覺醒,可召喚,B,11205,604,461,104,15,50,40,0,Scroll of Light and Darkness
15034,unit_icon_0053_3_2.png,Xiao Ling,,光,體力,3,二次覺醒,可召喚,B,12180,692,527,104,15,50,40,0,Scroll of Light and Darkness
16813,unit_icon_0025_2_4.png,Xing Zhe,孫行者,風,體力,5,覺醒,可召喚,A,11700,703,659,117,15,50,15,0,Legendary Scroll / Wind Scroll / Mystical Scroll or Crystal Summon
21212,unit_icon_0041_1_4.png,Xiong Fei,,火,防禦,5,覺醒,可召喚,B,10545,615,823,96,15,50,15,0,Fusion
15811,unit_icon_0007_0_1.png,Yaku,,水,攻擊,3,覺醒,可召喚,C,8235,714,549,102,30,50,15,0,Water Scroll / Mystical Scroll or Crystal Summon / Unknown Scroll or Social Summon
29012,unit_icon_0132_1_2.png,Yeji and Sapsaree,,火,支援,4,覺醒,可召喚,B,9885,703,615,103,15,50,15,0,
15513,unit_icon_0021_2_4.png,Yen,,風,攻擊,4,覺醒,可召喚,B,10215,780,516,104,30,50,15,0,Guild Shop / Legendary Scroll / Wind Scroll / Mystical Scroll or Crystal Summon
29413,unit_icon_0143_1_3.png,Yennefer,,風,攻擊,4,覺醒,可召喚,B,10875,659,593,103,15,50,15,0,
29414,unit_icon_0143_1_4.png,Yennefer,,光,支援,4,覺醒,可召喚,B,10380,670,615,103,15,50,15,0,
29411,unit_icon_0143_1_1.png,Yennefer,,水,攻擊,5,覺醒,可召喚,B,10710,823,604,103,15,50,15,25,
29412,unit_icon_0143_1_2.png,Yennefer,葉奈法,火,支援,5,覺醒,可召喚,S,11370,714,670,103,15,50,15,25,
29415,unit_icon_0143_1_5.png,Yennefer,,暗,攻擊,5,覺醒,可召喚,B,10545,845,593,103,30,50,15,0,
18314,unit_icon_0029_3_3.png,Yeonhong,豔紅,光,支援,5,覺醒,可召喚,A,11700,736,626,116,15,50,15,0,Scroll of Light and Darkness
23913,unit_icon_0057_1_3.png,Yeonhwa,,風,支援,4,覺醒,可召喚,B,11040,538,703,107,15,50,15,0,Legendary Scroll / Wind Scroll / Mystical Scroll or Crystal Summon
10401,unit_icon_0001_0_1.png,Yeti,,水,防禦,2,未覺醒,可召喚,D,9225,362,505,100,15,50,15,0,Mt. White Ragon / Magic Shop / Unknown Scroll or Social Summon
10402,unit_icon_0001_1_1.png,Yeti,,火,體力,2,未覺醒,可召喚,D,7905,516,439,100,15,50,15,0,Magic Shop / Secret Dungeon / Unknown Scroll or Social Summon
10403,unit_icon_0001_2_1.png,Yeti,,風,防禦,2,未覺醒,可召喚,D,7905,417,538,100,15,50,15,0,Magic Shop / Secret Dungeon / Unknown Scroll or Social Summon
10404,unit_icon_0001_3_1.png,Yeti,,光,防禦,2,未覺醒,可召喚,D,7575,384,593,100,15,50,15,0,Secret Dungeon
10405,unit_icon_0001_4_1.png,Yeti,,暗,體力,3,未覺醒,可召喚,C,10215,450,516,100,15,50,15,0,Secret Dungeon / Scroll of Light and Darkness
30413,unit_icon_0155_1_3.png,Yuji Itadori,,風,攻擊,4,覺醒,可召喚,B,9060,790,582,104,15,50,15,0,
30414,unit_icon_0155_1_4.png,Yuji Itadori,,光,攻擊,4,覺醒,可召喚,B,9555,769,571,104,15,50,15,0,
30411,unit_icon_0155_1_1.png,Yuji Itadori,,水,攻擊,5,覺醒,可召喚,B,10215,834,626,104,30,50,15,0,
30412,unit_icon_0155_1_2.png,Yuji Itadori,,火,攻擊,5,覺醒,可召喚,B,9885,878,604,104,30,50,15,0,
30415,unit_icon_0155_1_5.png,Yuji Itadori,,暗,攻擊,5,覺醒,可召喚,B,10050,867,604,104,30,50,15,0,
29013,unit_icon_0132_1_3.png,Yuna and Sapsaree,,風,支援,4,覺醒,可召喚,B,10545,571,703,103,15,50,15,0,
14412,unit_icon_0016_1_0.png,Zaiross,,火,攻擊,5,覺醒,可召喚,A,9720,911,582,98,30,50,15,0,Legendary Scroll / Fire Scroll / Mystical Scroll or Crystal Summon
25913,unit_icon_0086_1_3.png,Zen,,風,支援,5,覺醒,可召喚,B,11535,714,659,105,15,50,40,0,
27215,unit_icon_0106_1_5.png,Zenisek,杰尼薛克,暗,支援,5,覺醒,可召喚,A,11040,780,626,100,15,50,15,25,
32212,unit_icon_0169_1_2.png,Zenitsu Agatsuma,,火,攻擊,4,覺醒,可召喚,B,9225,758,604,106,15,50,15,25,
32214,unit_icon_0169_1_4.png,Zenitsu Agatsuma,,光,攻擊,4,覺醒,可召喚,B,8895,769,615,106,15,50,15,25,
32211,unit_icon_0169_1_1.png,Zenitsu Agatsuma,,水,攻擊,5,覺醒,可召喚,B,10050,845,626,106,30,50,15,0,
32213,unit_icon_0169_1_3.png,Zenitsu Agatsuma,,風,攻擊,5,覺醒,可召喚,B,9720,856,637,106,30,50,15,0,
32215,unit_icon_0169_1_5.png,Zenitsu Agatsuma,我妻善逸,暗,攻擊,5,覺醒,可召喚,A,9885,834,648,106,30,50,15,0,
22013,unit_icon_0045_2_3.png,Zenobia,,風,攻擊,4,覺醒,可召喚,B,9390,769,582,101,15,50,15,0,Legendary Scroll / Wind Scroll / Mystical Scroll or Crystal Summon
19513,unit_icon_0034_2_2.png,Zephicus,,風,體力,3,覺醒,可召喚,C,10215,604,527,105,15,50,15,0,Guild Shop / Wind Scroll / Mystical Scroll or Crystal Summon / Unknown Scroll or Social Summon
14414,unit_icon_0016_3_0.png,Zerath,傑拉斯,光,體力,5,覺醒,可召喚,B,15315,560,560,98,30,50,15,0,Scroll of Light and Darkness
14615,unit_icon_0017_4_2.png,Zeratu,澤拉圖,暗,攻擊,5,覺醒,可召喚,B,10710,790,637,95,30,50,15,0,Scroll of Light and Darkness
27211,unit_icon_0106_1_1.png,Zibala,吉帕拉,水,支援,5,覺醒,可召喚,B,10875,769,648,115,15,50,15,0,
18112,unit_icon_0029_1_1.png,Zibrolta,,火,攻擊,4,覺醒,可召喚,B,8895,823,560,101,15,50,15,0,Legendary Scroll / Fire Scroll / Mystical Scroll or Crystal Summon
27212,unit_icon_0106_1_2.png,Zima,吉瑪,火,攻擊,5,覺醒,可召喚,B,9555,878,626,100,15,50,15,25,
16515,unit_icon_0025_4_2.png,Zinc,,暗,防禦,3,覺醒,可召喚,C,9885,483,670,98,30,50,15,0,Scroll of Light and Darkness
16535,unit_icon_0125_3_5.png,Zinc,,暗,防禦,3,二次覺醒,可召喚,B,10710,527,790,98,30,50,15,0,
36001,unit_icon_0223_1_1.png,Übel,,水,攻擊,4,未覺醒,非常駐,C,8895,670,549,100,15,50,15,0,
36011,unit_icon_0223_1_1.png,Übel,,水,攻擊,4,覺醒,可召喚,B,9555,758,582,101,15,50,15,25,
36002,unit_icon_0223_1_2.png,Übel,,火,攻擊,4,未覺醒,非常駐,C,9060,637,571,100,15,50,15,0,
36012,unit_icon_0223_1_2.png,Übel,,火,攻擊,4,覺醒,可召喚,B,9720,714,615,101,15,50,15,25,
36003,unit_icon_0223_1_3.png,Übel,,風,攻擊,4,未覺醒,非常駐,C,8400,692,560,100,15,50,15,0,
36013,unit_icon_0223_1_3.png,Übel,,風,攻擊,4,覺醒,可召喚,B,9060,780,593,101,15,50,15,25,
36004,unit_icon_0223_1_4.png,Übel,,光,攻擊,4,未覺醒,非常駐,C,8895,659,560,100,15,50,15,0,
36014,unit_icon_0223_1_4.png,Übel,,光,攻擊,4,覺醒,可召喚,B,9555,736,604,101,15,50,15,25,
36005,unit_icon_0223_1_5.png,Übel,,暗,攻擊,4,未覺醒,非常駐,C,8730,659,571,100,15,50,15,0,
36015,unit_icon_0223_1_5.png,Übel,,暗,攻擊,4,覺醒,可召喚,B,9390,725,626,101,15,50,15,25,
